訂單編號,日期,顧客代號,品項,數量,單價,小計,通路
O01066,2025-07-08,C095,炭烤香腸,1,40,40,內用
O01391,2025-07-19,C122,滷味拼盤,2,90,180,內用
O00866,2025-07-21,C080,炭烤香腸,1,40,40,外帶
O00900,2025-07-24,C080,滷味拼盤,1,90,90,外送平台
O00900,2025-07-24,C080,古早味紅茶,1,25,25,內用
O00735,2025-08-04,C067,蚵仔麵線,1,65,65,外帶
O00488,2025-08-07,C050,炭烤香腸,1,40,40,內用
O00894,2025-08-07,C080,炭烤香腸,2,40,80,外送平台
O00894,2025-08-07,C080,蚵仔麵線,2,65,130,外送平台
O01392,2025-08-07,C122,麻油麵線,2,85,170,內用
O01392,2025-08-07,C122,滷味拼盤,2,90,180,外帶
O00949,2025-08-09,C083,古早味紅茶,2,25,50,外帶
O00736,2025-08-11,C067,麻油麵線,1,85,85,內用
O00736,2025-08-11,C067,古早味紅茶,1,25,25,內用
O00485,2025-08-12,C050,蚵仔麵線,1,65,65,內用
O00485,2025-08-12,C050,滷味拼盤,1,90,90,外帶
O00504,2025-08-12,C050,滷味拼盤,1,90,90,外送平台
O01207,2025-08-12,C111,麻油麵線,2,85,170,外帶
O01207,2025-08-12,C111,麻油麵線,1,85,85,外帶
O01207,2025-08-12,C111,滷味拼盤,1,90,90,外送平台
O00398,2025-08-13,C040,燙青菜,2,45,90,外帶
O00398,2025-08-13,C040,燙青菜,2,45,90,外送平台
O00731,2025-08-14,C067,古早味紅茶,1,25,25,外帶
O00731,2025-08-14,C067,麻油麵線,1,85,85,外帶
O01604,2025-08-15,C140,炭烤香腸,1,40,40,外帶
O01604,2025-08-15,C140,炭烤香腸,2,40,80,外帶
O01604,2025-08-15,C140,古早味紅茶,1,25,25,外送平台
O00765,2025-08-16,C070,滷味拼盤,1,90,90,外送平台
O00765,2025-08-16,C070,燙青菜,1,45,45,外帶
O00765,2025-08-16,C070,麻油麵線,2,85,170,內用
O01260,2025-08-17,C114,古早味紅茶,2,25,50,內用
O01260,2025-08-17,C114,滷味拼盤,1,90,90,外帶
O00073,2025-08-18,C011,麻油麵線,1,85,85,外帶
O00073,2025-08-18,C011,蚵仔麵線,1,65,65,外送平台
O00073,2025-08-18,C011,麻油麵線,1,85,85,內用
O01283,2025-08-18,C114,滷味拼盤,1,90,90,外送平台
O01283,2025-08-18,C114,蚵仔麵線,1,65,65,內用
O01283,2025-08-18,C114,古早味紅茶,1,25,25,外送平台
O00724,2025-08-19,C067,滷味拼盤,1,90,90,外送平台
O00724,2025-08-19,C067,麻油麵線,1,85,85,內用
O00762,2025-08-19,C070,古早味紅茶,1,25,25,外帶
O00072,2025-08-21,C011,古早味紅茶,1,25,25,內用
O00072,2025-08-21,C011,炭烤香腸,2,40,80,外送平台
O00884,2025-08-21,C080,古早味紅茶,1,25,25,內用
O00884,2025-08-21,C080,燙青菜,1,45,45,外送平台
O01389,2025-08-21,C122,炭烤香腸,2,40,80,內用
O01389,2025-08-21,C122,古早味紅茶,2,25,50,內用
O00077,2025-08-23,C011,炭烤香腸,1,40,40,外帶
O00077,2025-08-23,C011,古早味紅茶,1,25,25,內用
O00718,2025-08-23,C067,滷味拼盤,2,90,180,外帶
O00718,2025-08-23,C067,炭烤香腸,1,40,40,外送平台
O00733,2025-08-23,C067,古早味紅茶,1,25,25,內用
O00733,2025-08-23,C067,滷味拼盤,1,90,90,內用
O00733,2025-08-23,C067,炭烤香腸,1,40,40,外帶
O00775,2025-08-24,C070,燙青菜,1,45,45,外帶
O00020,2025-08-25,C005,古早味紅茶,1,25,25,外帶
O00730,2025-08-25,C067,滷味拼盤,2,90,180,內用
O00730,2025-08-25,C067,古早味紅茶,1,25,25,外帶
O00730,2025-08-25,C067,燙青菜,1,45,45,外送平台
O00798,2025-08-25,C072,蚵仔麵線,2,65,130,外送平台
O00798,2025-08-25,C072,蚵仔麵線,1,65,65,外送平台
O01157,2025-08-25,C109,燙青菜,1,45,45,內用
O01157,2025-08-25,C109,麻油麵線,1,85,85,外帶
O01201,2025-08-25,C111,古早味紅茶,1,25,25,外帶
O01201,2025-08-25,C111,麻油麵線,2,85,170,外帶
O01266,2025-08-25,C114,滷味拼盤,1,90,90,外帶
O01266,2025-08-25,C114,麻油麵線,1,85,85,外帶
O01266,2025-08-25,C114,炭烤香腸,1,40,40,外送平台
O01256,2025-08-26,C114,炭烤香腸,1,40,40,內用
O01256,2025-08-26,C114,古早味紅茶,1,25,25,外送平台
O01256,2025-08-26,C114,燙青菜,2,45,90,外帶
O00828,2025-08-28,C075,燙青菜,2,45,90,外帶
O00828,2025-08-28,C075,古早味紅茶,2,25,50,外帶
O00828,2025-08-28,C075,滷味拼盤,1,90,90,外帶
O01257,2025-08-28,C114,蚵仔麵線,1,65,65,外帶
O01257,2025-08-28,C114,蚵仔麵線,1,65,65,外帶
O01257,2025-08-28,C114,炭烤香腸,1,40,40,外帶
O00805,2025-08-30,C072,蚵仔麵線,1,65,65,外帶
O00805,2025-08-30,C072,炭烤香腸,1,40,40,內用
O01215,2025-08-30,C111,滷味拼盤,1,90,90,外送平台
O01215,2025-08-30,C111,滷味拼盤,1,90,90,外送平台
O00491,2025-09-01,C050,蚵仔麵線,1,65,65,內用
O00491,2025-09-01,C050,蚵仔麵線,1,65,65,內用
O00491,2025-09-01,C050,滷味拼盤,1,90,90,內用
O00911,2025-09-01,C082,古早味紅茶,1,25,25,內用
O00911,2025-09-01,C082,古早味紅茶,1,25,25,內用
O00887,2025-09-02,C080,滷味拼盤,1,90,90,外帶
O00887,2025-09-02,C080,麻油麵線,1,85,85,外帶
O00782,2025-09-05,C072,燙青菜,1,45,45,外帶
O00759,2025-09-06,C070,燙青菜,1,45,45,內用
O00875,2025-09-06,C080,炭烤香腸,2,40,80,外帶
O00862,2025-09-07,C079,麻油麵線,1,85,85,外送平台
O00862,2025-09-07,C079,炭烤香腸,1,40,40,外送平台
O00862,2025-09-07,C079,蚵仔麵線,1,65,65,內用
O01203,2025-09-07,C111,燙青菜,1,45,45,外帶
O01203,2025-09-07,C111,燙青菜,2,45,90,內用
O00500,2025-09-09,C050,麻油麵線,1,85,85,內用
O00909,2025-09-09,C082,滷味拼盤,1,90,90,外帶
O01178,2025-09-09,C109,燙青菜,2,45,90,外帶
O01178,2025-09-09,C109,炭烤香腸,1,40,40,外帶
O01178,2025-09-09,C109,炭烤香腸,1,40,40,外帶
O00873,2025-09-10,C080,古早味紅茶,1,25,25,外帶
O00873,2025-09-10,C080,古早味紅茶,1,25,25,外帶
O00873,2025-09-10,C080,滷味拼盤,1,90,90,內用
O01272,2025-09-12,C114,炭烤香腸,1,40,40,外帶
O01272,2025-09-12,C114,古早味紅茶,1,25,25,內用
O00787,2025-09-14,C072,古早味紅茶,1,25,25,外帶
O00014,2025-09-16,C005,古早味紅茶,1,25,25,內用
O00937,2025-09-17,C083,炭烤香腸,1,40,40,內用
O00937,2025-09-17,C083,古早味紅茶,1,25,25,內用
O01204,2025-09-17,C111,炭烤香腸,1,40,40,內用
O01204,2025-09-17,C111,炭烤香腸,1,40,40,外帶
O00015,2025-09-19,C005,滷味拼盤,1,90,90,內用
O00015,2025-09-19,C005,滷味拼盤,1,90,90,內用
O00015,2025-09-19,C005,滷味拼盤,1,90,90,外帶
O00726,2025-09-19,C067,燙青菜,1,45,45,外帶
O00726,2025-09-19,C067,麻油麵線,2,85,170,外帶
O00726,2025-09-19,C067,燙青菜,1,45,45,內用
O01263,2025-09-21,C114,蚵仔麵線,2,65,130,外帶
O01263,2025-09-21,C114,麻油麵線,1,85,85,外送平台
O01263,2025-09-21,C114,炭烤香腸,1,40,40,外送平台
O00819,2025-09-22,C075,滷味拼盤,1,90,90,外帶
O00819,2025-09-22,C075,炭烤香腸,1,40,40,外帶
O00939,2025-09-22,C083,炭烤香腸,1,40,40,外送平台
O01040,2025-09-22,C091,燙青菜,2,45,90,外帶
O00356,2025-09-23,C034,古早味紅茶,1,25,25,內用
O00356,2025-09-23,C034,滷味拼盤,1,90,90,外帶
O00356,2025-09-23,C034,蚵仔麵線,1,65,65,外帶
O01159,2025-09-25,C109,古早味紅茶,1,25,25,外帶
O01159,2025-09-25,C109,麻油麵線,2,85,170,外帶
O01159,2025-09-25,C109,麻油麵線,1,85,85,內用
O01168,2025-09-25,C109,蚵仔麵線,1,65,65,外帶
O00362,2025-09-27,C034,燙青菜,1,45,45,外帶
O00362,2025-09-27,C034,麻油麵線,1,85,85,內用
O00362,2025-09-27,C034,滷味拼盤,1,90,90,內用
O00512,2025-09-27,C050,古早味紅茶,1,25,25,內用
O00512,2025-09-27,C050,麻油麵線,2,85,170,外送平台
O00512,2025-09-27,C050,麻油麵線,2,85,170,外送平台
O01156,2025-09-27,C109,滷味拼盤,1,90,90,外帶
O01161,2025-09-27,C109,蚵仔麵線,1,65,65,外送平台
O01162,2025-09-27,C109,燙青菜,2,45,90,外帶
O01162,2025-09-27,C109,古早味紅茶,2,25,50,外帶
O01162,2025-09-27,C109,麻油麵線,1,85,85,內用
O01214,2025-09-27,C111,古早味紅茶,1,25,25,外送平台
O01214,2025-09-27,C111,蚵仔麵線,1,65,65,內用
O00721,2025-09-28,C067,蚵仔麵線,1,65,65,內用
O00721,2025-09-28,C067,燙青菜,1,45,45,外送平台
O01277,2025-09-28,C114,炭烤香腸,1,40,40,外帶
O00758,2025-09-29,C070,麻油麵線,1,85,85,外帶
O01035,2025-09-29,C091,滷味拼盤,1,90,90,外帶
O01267,2025-09-29,C114,麻油麵線,1,85,85,外送平台
O01267,2025-09-29,C114,炭烤香腸,1,40,40,內用
O00831,2025-09-30,C075,蚵仔麵線,1,65,65,外帶
O01332,2025-09-30,C117,古早味紅茶,1,25,25,外帶
O00934,2025-10-01,C083,古早味紅茶,1,25,25,內用
O00934,2025-10-01,C083,麻油麵線,1,85,85,外送平台
O00189,2025-10-02,C023,古早味紅茶,1,25,25,外帶
O00358,2025-10-02,C034,蚵仔麵線,2,65,130,外帶
O00358,2025-10-02,C034,麻油麵線,2,85,170,外帶
O00358,2025-10-02,C034,滷味拼盤,1,90,90,外帶
O01164,2025-10-02,C109,古早味紅茶,1,25,25,外帶
O01519,2025-10-02,C132,麻油麵線,1,85,85,外帶
O01519,2025-10-02,C132,蚵仔麵線,1,65,65,內用
O01519,2025-10-02,C132,麻油麵線,1,85,85,外帶
O01585,2025-10-04,C137,蚵仔麵線,1,65,65,外帶
O01585,2025-10-04,C137,蚵仔麵線,2,65,130,外送平台
O00871,2025-10-05,C080,蚵仔麵線,2,65,130,外送平台
O00871,2025-10-05,C080,燙青菜,1,45,45,內用
O01344,2025-10-05,C117,燙青菜,1,45,45,內用
O01344,2025-10-05,C117,燙青菜,1,45,45,外帶
O01344,2025-10-05,C117,麻油麵線,1,85,85,外送平台
O01590,2025-10-05,C137,古早味紅茶,2,25,50,外送平台
O01590,2025-10-05,C137,燙青菜,1,45,45,內用
O00913,2025-10-06,C083,古早味紅茶,1,25,25,外帶
O00913,2025-10-06,C083,蚵仔麵線,1,65,65,內用
O01198,2025-10-06,C111,滷味拼盤,2,90,180,外帶
O01198,2025-10-06,C111,燙青菜,1,45,45,外帶
O01198,2025-10-06,C111,古早味紅茶,1,25,25,外帶
O00026,2025-10-07,C005,燙青菜,2,45,90,外帶
O00403,2025-10-07,C042,燙青菜,2,45,90,內用
O00918,2025-10-07,C083,古早味紅茶,2,25,50,外送平台
O01276,2025-10-07,C114,滷味拼盤,1,90,90,外送平台
O01276,2025-10-07,C114,炭烤香腸,1,40,40,內用
O01276,2025-10-07,C114,古早味紅茶,2,25,50,外送平台
O01341,2025-10-07,C117,滷味拼盤,1,90,90,外帶
O01341,2025-10-07,C117,滷味拼盤,1,90,90,外送平台
O00867,2025-10-08,C080,麻油麵線,1,85,85,外帶
O01212,2025-10-08,C111,燙青菜,1,45,45,外帶
O01584,2025-10-08,C137,燙青菜,2,45,90,外送平台
O01271,2025-10-09,C114,滷味拼盤,1,90,90,外送平台
O01271,2025-10-09,C114,麻油麵線,1,85,85,外帶
O01339,2025-10-10,C117,燙青菜,1,45,45,外帶
O01339,2025-10-10,C117,麻油麵線,1,85,85,內用
O01599,2025-10-10,C140,燙青菜,1,45,45,內用
O00040,2025-10-11,C007,古早味紅茶,1,25,25,外帶
O00892,2025-10-11,C080,燙青菜,2,45,90,內用
O01347,2025-10-11,C117,炭烤香腸,1,40,40,外送平台
O01347,2025-10-11,C117,蚵仔麵線,2,65,130,外送平台
O00038,2025-10-12,C007,蚵仔麵線,1,65,65,外送平台
O01038,2025-10-12,C091,蚵仔麵線,1,65,65,外帶
O01038,2025-10-12,C091,古早味紅茶,1,25,25,外送平台
O01038,2025-10-12,C091,滷味拼盤,1,90,90,外帶
O00502,2025-10-14,C050,麻油麵線,1,85,85,外送平台
O00502,2025-10-14,C050,古早味紅茶,1,25,25,內用
O00795,2025-10-14,C072,蚵仔麵線,1,65,65,內用
O00795,2025-10-14,C072,蚵仔麵線,1,65,65,內用
O01571,2025-10-14,C137,炭烤香腸,2,40,80,外帶
O01589,2025-10-14,C137,蚵仔麵線,1,65,65,外送平台
O01589,2025-10-14,C137,炭烤香腸,1,40,40,內用
O01259,2025-10-15,C114,古早味紅茶,1,25,25,外帶
O01259,2025-10-15,C114,炭烤香腸,1,40,40,外帶
O00445,2025-10-16,C047,滷味拼盤,1,90,90,外送平台
O00462,2025-10-16,C047,滷味拼盤,2,90,180,外送平台
O01252,2025-10-16,C113,蚵仔麵線,2,65,130,內用
O01252,2025-10-16,C113,蚵仔麵線,1,65,65,外帶
O00017,2025-10-17,C005,蚵仔麵線,1,65,65,內用
O00017,2025-10-17,C005,麻油麵線,2,85,170,內用
O00451,2025-10-17,C047,麻油麵線,1,85,85,內用
O00451,2025-10-17,C047,古早味紅茶,1,25,25,外送平台
O00471,2025-10-17,C049,滷味拼盤,1,90,90,外帶
O00471,2025-10-17,C049,炭烤香腸,1,40,40,內用
O00471,2025-10-17,C049,滷味拼盤,1,90,90,內用
O00723,2025-10-17,C067,燙青菜,1,45,45,外帶
O00723,2025-10-17,C067,古早味紅茶,1,25,25,外帶
O00723,2025-10-17,C067,滷味拼盤,2,90,180,外帶
O00820,2025-10-17,C075,蚵仔麵線,2,65,130,外帶
O00820,2025-10-17,C075,麻油麵線,1,85,85,內用
O00820,2025-10-17,C075,燙青菜,1,45,45,內用
O00016,2025-10-18,C005,滷味拼盤,1,90,90,外帶
O00016,2025-10-18,C005,蚵仔麵線,1,65,65,外送平台
O00458,2025-10-18,C047,炭烤香腸,1,40,40,內用
O00479,2025-10-18,C049,滷味拼盤,1,90,90,外帶
O01243,2025-10-18,C113,麻油麵線,1,85,85,內用
O01243,2025-10-18,C113,滷味拼盤,1,90,90,外送平台
O01265,2025-10-18,C114,燙青菜,1,45,45,外帶
O00039,2025-10-19,C007,滷味拼盤,1,90,90,外帶
O00039,2025-10-19,C007,炭烤香腸,1,40,40,內用
O00509,2025-10-19,C050,蚵仔麵線,1,65,65,外送平台
O00509,2025-10-19,C050,滷味拼盤,1,90,90,外帶
O00509,2025-10-19,C050,蚵仔麵線,1,65,65,內用
O00797,2025-10-19,C072,滷味拼盤,2,90,180,外帶
O00797,2025-10-19,C072,古早味紅茶,1,25,25,內用
O00797,2025-10-19,C072,古早味紅茶,1,25,25,外帶
O01239,2025-10-19,C113,麻油麵線,2,85,170,內用
O01239,2025-10-19,C113,燙青菜,1,45,45,外帶
O01334,2025-10-19,C117,燙青菜,1,45,45,外帶
O01574,2025-10-19,C137,麻油麵線,1,85,85,內用
O01600,2025-10-19,C140,古早味紅茶,2,25,50,外帶
O01600,2025-10-19,C140,滷味拼盤,1,90,90,外帶
O01600,2025-10-19,C140,滷味拼盤,1,90,90,外送平台
O00446,2025-10-20,C047,燙青菜,1,45,45,外送平台
O00446,2025-10-20,C047,蚵仔麵線,1,65,65,內用
O00034,2025-10-21,C007,炭烤香腸,1,40,40,外帶
O00443,2025-10-21,C047,麻油麵線,2,85,170,外送平台
O00456,2025-10-21,C047,燙青菜,1,45,45,外帶
O00770,2025-10-21,C070,燙青菜,2,45,90,外帶
O00770,2025-10-21,C070,古早味紅茶,1,25,25,內用
O01582,2025-10-21,C137,蚵仔麵線,1,65,65,外帶
O01582,2025-10-21,C137,麻油麵線,2,85,170,內用
O00496,2025-10-23,C050,麻油麵線,1,85,85,外送平台
O00496,2025-10-23,C050,滷味拼盤,1,90,90,外帶
O00496,2025-10-23,C050,古早味紅茶,2,25,50,內用
O00361,2025-10-24,C034,蚵仔麵線,1,65,65,外送平台
O00361,2025-10-24,C034,燙青菜,2,45,90,外送平台
O00454,2025-10-24,C047,滷味拼盤,1,90,90,內用
O00454,2025-10-24,C047,燙青菜,1,45,45,外帶
O00457,2025-10-25,C047,古早味紅茶,2,25,50,內用
O00457,2025-10-25,C047,麻油麵線,1,85,85,外帶
O01578,2025-10-25,C137,蚵仔麵線,1,65,65,內用
O01578,2025-10-25,C137,麻油麵線,2,85,170,內用
O00716,2025-10-26,C067,炭烤香腸,1,40,40,外帶
O00716,2025-10-26,C067,麻油麵線,1,85,85,內用
O01605,2025-10-27,C140,古早味紅茶,1,25,25,外帶
O01605,2025-10-27,C140,麻油麵線,1,85,85,外帶
O00833,2025-10-28,C075,炭烤香腸,1,40,40,外帶
O01165,2025-10-29,C109,炭烤香腸,1,40,40,外帶
O01165,2025-10-29,C109,燙青菜,1,45,45,外帶
O01165,2025-10-29,C109,滷味拼盤,2,90,180,外送平台
O00477,2025-10-30,C049,炭烤香腸,2,40,80,外帶
O00928,2025-10-30,C083,燙青菜,1,45,45,外送平台
O01577,2025-10-30,C137,滷味拼盤,1,90,90,外送平台
O01577,2025-10-30,C137,蚵仔麵線,2,65,130,外帶
O00045,2025-10-31,C007,炭烤香腸,1,40,40,外帶
O00045,2025-10-31,C007,蚵仔麵線,1,65,65,外送平台
O00043,2025-11-01,C007,炭烤香腸,1,40,40,外帶
O00043,2025-11-01,C007,麻油麵線,2,85,170,外帶
O00461,2025-11-01,C047,古早味紅茶,1,25,25,內用
O00461,2025-11-01,C047,滷味拼盤,1,90,90,外帶
O00461,2025-11-01,C047,炭烤香腸,1,40,40,外帶
O00475,2025-11-01,C049,燙青菜,1,45,45,外帶
O01195,2025-11-01,C111,滷味拼盤,1,90,90,外帶
O01195,2025-11-01,C111,炭烤香腸,1,40,40,外帶
O01336,2025-11-01,C117,炭烤香腸,2,40,80,外帶
O01336,2025-11-01,C117,古早味紅茶,2,25,50,內用
O00044,2025-11-02,C007,燙青菜,1,45,45,外帶
O00044,2025-11-02,C007,炭烤香腸,2,40,80,外送平台
O00044,2025-11-02,C007,炭烤香腸,1,40,40,外送平台
O00047,2025-11-02,C007,炭烤香腸,2,40,80,外送平台
O00047,2025-11-02,C007,麻油麵線,1,85,85,外送平台
O00401,2025-11-02,C041,古早味紅茶,1,25,25,內用
O00401,2025-11-02,C041,炭烤香腸,1,40,40,外送平台
O01202,2025-11-02,C111,燙青菜,1,45,45,內用
O01202,2025-11-02,C111,蚵仔麵線,1,65,65,外送平台
O01202,2025-11-02,C111,蚵仔麵線,2,65,130,外帶
O00804,2025-11-03,C072,麻油麵線,2,85,170,外送平台
O00031,2025-11-04,C007,古早味紅茶,2,25,50,內用
O01045,2025-11-04,C091,滷味拼盤,1,90,90,外帶
O01045,2025-11-04,C091,滷味拼盤,1,90,90,內用
O01045,2025-11-04,C091,炭烤香腸,1,40,40,內用
O00351,2025-11-05,C034,炭烤香腸,2,40,80,外帶
O00351,2025-11-05,C034,麻油麵線,2,85,170,內用
O00351,2025-11-05,C034,古早味紅茶,1,25,25,外送平台
O00448,2025-11-05,C047,燙青菜,1,45,45,外送平台
O00448,2025-11-05,C047,麻油麵線,1,85,85,外帶
O00905,2025-11-05,C081,古早味紅茶,1,25,25,外帶
O00905,2025-11-05,C081,麻油麵線,1,85,85,外帶
O00008,2025-11-06,C002,麻油麵線,2,85,170,外帶
O00008,2025-11-06,C002,麻油麵線,1,85,85,外帶
O00444,2025-11-06,C047,麻油麵線,1,85,85,內用
O01595,2025-11-06,C140,古早味紅茶,1,25,25,外帶
O00449,2025-11-07,C047,麻油麵線,1,85,85,外送平台
O00449,2025-11-07,C047,燙青菜,1,45,45,外送平台
O00464,2025-11-07,C047,古早味紅茶,2,25,50,外帶
O00447,2025-11-08,C047,滷味拼盤,2,90,180,外帶
O00447,2025-11-08,C047,燙青菜,1,45,45,內用
O00470,2025-11-08,C049,燙青菜,2,45,90,外送平台
O00473,2025-11-08,C049,滷味拼盤,1,90,90,外帶
O00473,2025-11-08,C049,古早味紅茶,1,25,25,外送平台
O00947,2025-11-08,C083,滷味拼盤,2,90,180,外帶
O01533,2025-11-08,C135,炭烤香腸,1,40,40,內用
O00705,2025-11-09,C066,燙青菜,1,45,45,外送平台
O00705,2025-11-09,C066,滷味拼盤,1,90,90,內用
O00943,2025-11-09,C083,燙青菜,1,45,45,外帶
O00943,2025-11-09,C083,麻油麵線,2,85,170,內用
O00943,2025-11-09,C083,燙青菜,1,45,45,內用
O00006,2025-11-10,C002,滷味拼盤,1,90,90,外帶
O00453,2025-11-10,C047,炭烤香腸,1,40,40,外帶
O01234,2025-11-10,C113,古早味紅茶,1,25,25,外帶
O01234,2025-11-10,C113,麻油麵線,1,85,85,內用
O01342,2025-11-10,C117,炭烤香腸,1,40,40,內用
O01342,2025-11-10,C117,蚵仔麵線,1,65,65,外送平台
O01521,2025-11-10,C133,麻油麵線,2,85,170,內用
O00423,2025-11-11,C046,滷味拼盤,1,90,90,外送平台
O00455,2025-11-11,C047,古早味紅茶,1,25,25,內用
O00465,2025-11-11,C047,麻油麵線,1,85,85,外帶
O00465,2025-11-11,C047,炭烤香腸,1,40,40,內用
O00703,2025-11-11,C066,滷味拼盤,1,90,90,外送平台
O00901,2025-11-11,C080,炭烤香腸,1,40,40,內用
O00901,2025-11-11,C080,燙青菜,1,45,45,外帶
O00901,2025-11-11,C080,炭烤香腸,1,40,40,外送平台
O01346,2025-11-11,C117,炭烤香腸,1,40,40,內用
O01346,2025-11-11,C117,古早味紅茶,2,25,50,外帶
O01346,2025-11-11,C117,燙青菜,2,45,90,外帶
O00076,2025-11-12,C011,滷味拼盤,1,90,90,外送平台
O00460,2025-11-12,C047,麻油麵線,2,85,170,內用
O00476,2025-11-12,C049,燙青菜,1,45,45,外送平台
O00476,2025-11-12,C049,古早味紅茶,1,25,25,外帶
O01042,2025-11-12,C091,滷味拼盤,1,90,90,外送平台
O00426,2025-11-13,C046,蚵仔麵線,1,65,65,外帶
O00426,2025-11-13,C046,麻油麵線,2,85,170,內用
O00459,2025-11-13,C047,古早味紅茶,1,25,25,外帶
O00459,2025-11-13,C047,麻油麵線,1,85,85,外送平台
O00466,2025-11-13,C047,麻油麵線,1,85,85,內用
O00466,2025-11-13,C047,滷味拼盤,1,90,90,外帶
O00494,2025-11-13,C050,炭烤香腸,2,40,80,外送平台
O00494,2025-11-13,C050,炭烤香腸,1,40,40,外帶
O00779,2025-11-13,C070,滷味拼盤,1,90,90,外帶
O00779,2025-11-13,C070,燙青菜,2,45,90,外帶
O00779,2025-11-13,C070,滷味拼盤,2,90,180,外帶
O00907,2025-11-13,C082,麻油麵線,1,85,85,外帶
O00907,2025-11-13,C082,燙青菜,1,45,45,外帶
O00907,2025-11-13,C082,蚵仔麵線,1,65,65,外送平台
O00908,2025-11-13,C082,古早味紅茶,2,25,50,內用
O00908,2025-11-13,C082,燙青菜,2,45,90,內用
O00908,2025-11-13,C082,燙青菜,1,45,45,外帶
O01244,2025-11-13,C113,麻油麵線,1,85,85,外帶
O01244,2025-11-13,C113,燙青菜,1,45,45,外帶
O01244,2025-11-13,C113,古早味紅茶,1,25,25,外帶
O01345,2025-11-13,C117,炭烤香腸,1,40,40,外帶
O00427,2025-11-14,C046,燙青菜,2,45,90,外送平台
O00450,2025-11-14,C047,滷味拼盤,1,90,90,內用
O00450,2025-11-14,C047,炭烤香腸,1,40,40,外送平台
O00463,2025-11-14,C047,麻油麵線,2,85,170,內用
O00737,2025-11-14,C067,滷味拼盤,1,90,90,外帶
O00737,2025-11-14,C067,麻油麵線,1,85,85,外帶
O00906,2025-11-14,C082,燙青菜,1,45,45,內用
O00906,2025-11-14,C082,滷味拼盤,1,90,90,外帶
O00452,2025-11-15,C047,麻油麵線,1,85,85,內用
O00452,2025-11-15,C047,燙青菜,1,45,45,外送平台
O00452,2025-11-15,C047,滷味拼盤,1,90,90,外帶
O00712,2025-11-15,C066,燙青菜,2,45,90,外送平台
O00712,2025-11-15,C066,燙青菜,1,45,45,內用
O00712,2025-11-15,C066,燙青菜,1,45,45,內用
O01200,2025-11-15,C111,麻油麵線,1,85,85,外帶
O01200,2025-11-15,C111,燙青菜,1,45,45,內用
O00877,2025-11-16,C080,古早味紅茶,1,25,25,內用
O00877,2025-11-16,C080,古早味紅茶,2,25,50,內用
O01393,2025-11-16,C122,古早味紅茶,1,25,25,外帶
O01393,2025-11-16,C122,炭烤香腸,2,40,80,外帶
O00940,2025-11-17,C083,滷味拼盤,1,90,90,外帶
O00940,2025-11-17,C083,炭烤香腸,1,40,40,外送平台
O00940,2025-11-17,C083,炭烤香腸,1,40,40,外帶
O01179,2025-11-17,C109,麻油麵線,1,85,85,外送平台
O01179,2025-11-17,C109,麻油麵線,1,85,85,內用
O01179,2025-11-17,C109,滷味拼盤,1,90,90,外帶
O01292,2025-11-17,C114,蚵仔麵線,1,65,65,外帶
O01292,2025-11-17,C114,麻油麵線,2,85,170,內用
O01522,2025-11-17,C133,滷味拼盤,1,90,90,內用
O01573,2025-11-17,C137,炭烤香腸,1,40,40,內用
O00037,2025-11-18,C007,滷味拼盤,1,90,90,外送平台
O00474,2025-11-18,C049,炭烤香腸,1,40,40,外帶
O00474,2025-11-18,C049,燙青菜,1,45,45,外帶
O00474,2025-11-18,C049,燙青菜,1,45,45,外帶
O00898,2025-11-18,C080,滷味拼盤,1,90,90,外帶
O00898,2025-11-18,C080,燙青菜,1,45,45,內用
O00898,2025-11-18,C080,滷味拼盤,2,90,180,外送平台
O01209,2025-11-18,C111,麻油麵線,1,85,85,外帶
O01246,2025-11-18,C113,燙青菜,1,45,45,外帶
O01246,2025-11-18,C113,燙青菜,1,45,45,內用
O00437,2025-11-19,C046,滷味拼盤,1,90,90,外帶
O00437,2025-11-19,C046,蚵仔麵線,1,65,65,內用
O00439,2025-11-19,C046,麻油麵線,1,85,85,外帶
O00498,2025-11-19,C050,炭烤香腸,2,40,80,外帶
O00732,2025-11-19,C067,炭烤香腸,1,40,40,外帶
O00732,2025-11-19,C067,滷味拼盤,1,90,90,外送平台
O00732,2025-11-19,C067,古早味紅茶,2,25,50,外帶
O00424,2025-11-20,C046,燙青菜,1,45,45,外送平台
O00424,2025-11-20,C046,燙青菜,2,45,90,外帶
O00424,2025-11-20,C046,麻油麵線,1,85,85,外送平台
O00431,2025-11-20,C046,蚵仔麵線,1,65,65,外帶
O00431,2025-11-20,C046,麻油麵線,1,85,85,外送平台
O00003,2025-11-21,C002,麻油麵線,1,85,85,外帶
O00481,2025-11-21,C049,滷味拼盤,1,90,90,外帶
O01176,2025-11-21,C109,燙青菜,1,45,45,外帶
O01176,2025-11-21,C109,蚵仔麵線,1,65,65,內用
O01176,2025-11-21,C109,蚵仔麵線,1,65,65,外送平台
O01337,2025-11-21,C117,蚵仔麵線,1,65,65,外送平台
O01337,2025-11-21,C117,炭烤香腸,1,40,40,外帶
O00007,2025-11-22,C002,滷味拼盤,2,90,180,內用
O00441,2025-11-25,C046,古早味紅茶,1,25,25,外帶
O00030,2025-11-26,C007,麻油麵線,1,85,85,外帶
O00433,2025-11-26,C046,古早味紅茶,2,25,50,內用
O00402,2025-11-27,C041,麻油麵線,1,85,85,外帶
O00402,2025-11-27,C041,炭烤香腸,1,40,40,外帶
O01064,2025-11-27,C094,炭烤香腸,1,40,40,外帶
O01064,2025-11-27,C094,蚵仔麵線,1,65,65,外送平台
O01064,2025-11-27,C094,古早味紅茶,1,25,25,外送平台
O00002,2025-11-29,C002,古早味紅茶,1,25,25,外送平台
O01074,2025-11-29,C095,蚵仔麵線,1,65,65,外帶
O01390,2025-11-29,C122,炭烤香腸,1,40,40,外送平台
O01390,2025-11-29,C122,炭烤香腸,1,40,40,外帶
O01390,2025-11-29,C122,蚵仔麵線,2,65,130,外帶
O00734,2025-11-30,C067,古早味紅茶,2,25,50,外帶
O01071,2025-11-30,C095,古早味紅茶,1,25,25,外送平台
O00428,2025-12-01,C046,燙青菜,1,45,45,外帶
O00428,2025-12-01,C046,麻油麵線,1,85,85,外帶
O00818,2025-12-01,C075,麻油麵線,1,85,85,內用
O00818,2025-12-01,C075,麻油麵線,2,85,170,外送平台
O00922,2025-12-01,C083,燙青菜,1,45,45,外帶
O00922,2025-12-01,C083,古早味紅茶,1,25,25,內用
O00922,2025-12-01,C083,燙青菜,1,45,45,外帶
O00429,2025-12-02,C046,蚵仔麵線,2,65,130,外帶
O00518,2025-12-02,C051,燙青菜,1,45,45,外帶
O00353,2025-12-03,C034,燙青菜,2,45,90,內用
O00353,2025-12-03,C034,古早味紅茶,1,25,25,外送平台
O00353,2025-12-03,C034,滷味拼盤,2,90,180,外送平台
O01167,2025-12-03,C109,炭烤香腸,1,40,40,外帶
O01569,2025-12-03,C137,蚵仔麵線,1,65,65,外帶
O01569,2025-12-03,C137,滷味拼盤,1,90,90,外帶
O00482,2025-12-04,C049,蚵仔麵線,2,65,130,外帶
O01033,2025-12-04,C091,古早味紅茶,1,25,25,外送平台
O00438,2025-12-05,C046,炭烤香腸,1,40,40,外送平台
O00438,2025-12-05,C046,古早味紅茶,1,25,25,內用
O00438,2025-12-05,C046,滷味拼盤,1,90,90,外帶
O01039,2025-12-05,C091,麻油麵線,1,85,85,外送平台
O01039,2025-12-05,C091,蚵仔麵線,1,65,65,外帶
O01587,2025-12-05,C137,燙青菜,1,45,45,內用
O00436,2025-12-06,C046,滷味拼盤,2,90,180,外送平台
O00436,2025-12-06,C046,炭烤香腸,1,40,40,外帶
O00508,2025-12-06,C050,燙青菜,1,45,45,外送平台
O00508,2025-12-06,C050,燙青菜,1,45,45,外帶
O00508,2025-12-06,C050,蚵仔麵線,2,65,130,外帶
O00910,2025-12-07,C082,古早味紅茶,2,25,50,外帶
O00365,2025-12-08,C034,古早味紅茶,1,25,25,外送平台
O00365,2025-12-08,C034,燙青菜,1,45,45,外帶
O00585,2025-12-08,C056,炭烤香腸,1,40,40,外帶
O00585,2025-12-08,C056,滷味拼盤,1,90,90,外帶
O00576,2025-12-09,C056,炭烤香腸,2,40,80,外送平台
O00785,2025-12-09,C072,古早味紅茶,2,25,50,外送平台
O01073,2025-12-09,C095,燙青菜,1,45,45,內用
O01073,2025-12-09,C095,蚵仔麵線,1,65,65,外送平台
O01537,2025-12-09,C135,蚵仔麵線,1,65,65,外帶
O01537,2025-12-09,C135,古早味紅茶,1,25,25,外送平台
O01575,2025-12-09,C137,燙青菜,2,45,90,內用
O00432,2025-12-10,C046,燙青菜,1,45,45,內用
O00440,2025-12-10,C046,炭烤香腸,1,40,40,外送平台
O00440,2025-12-10,C046,古早味紅茶,1,25,25,外帶
O00562,2025-12-10,C056,古早味紅茶,1,25,25,外送平台
O00562,2025-12-10,C056,炭烤香腸,2,40,80,外帶
O00562,2025-12-10,C056,燙青菜,1,45,45,外帶
O00789,2025-12-10,C072,炭烤香腸,2,40,80,外帶
O00789,2025-12-10,C072,蚵仔麵線,1,65,65,外帶
O01588,2025-12-10,C137,蚵仔麵線,2,65,130,外送平台
O00442,2025-12-11,C046,蚵仔麵線,1,65,65,內用
O00442,2025-12-11,C046,炭烤香腸,1,40,40,內用
O01580,2025-12-11,C137,麻油麵線,1,85,85,外帶
O00009,2025-12-12,C002,炭烤香腸,2,40,80,內用
O00591,2025-12-13,C057,燙青菜,2,45,90,外送平台
O00591,2025-12-13,C057,古早味紅茶,1,25,25,內用
O00890,2025-12-13,C080,燙青菜,1,45,45,外帶
O00890,2025-12-13,C080,麻油麵線,1,85,85,外送平台
O01158,2025-12-13,C109,炭烤香腸,1,40,40,內用
O01158,2025-12-13,C109,麻油麵線,1,85,85,外帶
O00864,2025-12-14,C080,滷味拼盤,1,90,90,外帶
O00864,2025-12-14,C080,炭烤香腸,1,40,40,外帶
O00434,2025-12-15,C046,麻油麵線,1,85,85,外帶
O00434,2025-12-15,C046,滷味拼盤,1,90,90,外帶
O00589,2025-12-16,C057,古早味紅茶,1,25,25,外帶
O01031,2025-12-16,C091,燙青菜,1,45,45,內用
O01031,2025-12-16,C091,古早味紅茶,2,25,50,外帶
O01335,2025-12-16,C117,古早味紅茶,1,25,25,外帶
O01335,2025-12-16,C117,蚵仔麵線,2,65,130,外帶
O01335,2025-12-16,C117,麻油麵線,2,85,170,外帶
O01354,2025-12-16,C118,麻油麵線,1,85,85,外帶
O01354,2025-12-16,C118,古早味紅茶,1,25,25,內用
O00019,2025-12-17,C005,麻油麵線,1,85,85,外帶
O00019,2025-12-17,C005,古早味紅茶,1,25,25,外帶
O01268,2025-12-17,C114,燙青菜,1,45,45,內用
O01268,2025-12-17,C114,燙青菜,2,45,90,外送平台
O01268,2025-12-17,C114,炭烤香腸,1,40,40,內用
O00480,2025-12-18,C049,古早味紅茶,1,25,25,外帶
O00480,2025-12-18,C049,古早味紅茶,2,25,50,外帶
O00480,2025-12-18,C049,滷味拼盤,1,90,90,外帶
O00590,2025-12-18,C057,滷味拼盤,1,90,90,外帶
O01555,2025-12-18,C136,炭烤香腸,2,40,80,外送平台
O01555,2025-12-18,C136,炭烤香腸,1,40,40,內用
O00021,2025-12-19,C005,滷味拼盤,1,90,90,外帶
O00033,2025-12-19,C007,滷味拼盤,1,90,90,外送平台
O00033,2025-12-19,C007,滷味拼盤,1,90,90,外帶
O00042,2025-12-19,C007,炭烤香腸,1,40,40,外送平台
O00507,2025-12-19,C050,燙青菜,2,45,90,外帶
O00972,2025-12-19,C088,麻油麵線,1,85,85,外帶
O00972,2025-12-19,C088,蚵仔麵線,2,65,130,內用
O00972,2025-12-19,C088,燙青菜,1,45,45,外帶
O01556,2025-12-19,C136,麻油麵線,1,85,85,外帶
O01556,2025-12-19,C136,蚵仔麵線,1,65,65,外送平台
O00005,2025-12-20,C002,滷味拼盤,1,90,90,外帶
O00592,2025-12-20,C057,蚵仔麵線,1,65,65,外帶
O00592,2025-12-20,C057,燙青菜,2,45,90,外帶
O00593,2025-12-20,C057,炭烤香腸,1,40,40,外帶
O00593,2025-12-20,C057,麻油麵線,1,85,85,外帶
O00728,2025-12-20,C067,炭烤香腸,1,40,40,內用
O00728,2025-12-20,C067,古早味紅茶,1,25,25,外送平台
O00768,2025-12-20,C070,古早味紅茶,2,25,50,外送平台
O00768,2025-12-20,C070,炭烤香腸,1,40,40,外送平台
O00768,2025-12-20,C070,麻油麵線,2,85,170,外帶
O00010,2025-12-22,C002,炭烤香腸,2,40,80,外帶
O00010,2025-12-22,C002,燙青菜,2,45,90,外送平台
O00010,2025-12-22,C002,蚵仔麵線,1,65,65,外帶
O00881,2025-12-22,C080,燙青菜,2,45,90,外送平台
O01576,2025-12-22,C137,麻油麵線,2,85,170,外帶
O00360,2025-12-23,C034,炭烤香腸,2,40,80,外送平台
O00788,2025-12-23,C072,麻油麵線,2,85,170,外帶
O00788,2025-12-23,C072,炭烤香腸,2,40,80,外帶
O00495,2025-12-24,C050,炭烤香腸,2,40,80,外送平台
O00495,2025-12-24,C050,炭烤香腸,1,40,40,外帶
O00004,2025-12-25,C002,麻油麵線,1,85,85,外帶
O00275,2025-12-25,C030,滷味拼盤,1,90,90,外帶
O00587,2025-12-25,C057,滷味拼盤,2,90,180,外帶
O00587,2025-12-25,C057,蚵仔麵線,2,65,130,內用
O00880,2025-12-25,C080,滷味拼盤,1,90,90,外帶
O00880,2025-12-25,C080,麻油麵線,2,85,170,外帶
O01208,2025-12-25,C111,古早味紅茶,2,25,50,外帶
O00528,2025-12-26,C051,炭烤香腸,1,40,40,外送平台
O00715,2025-12-26,C067,炭烤香腸,1,40,40,外帶
O00715,2025-12-26,C067,滷味拼盤,1,90,90,內用
O00715,2025-12-26,C067,蚵仔麵線,1,65,65,外帶
O01160,2025-12-26,C109,麻油麵線,1,85,85,內用
O01160,2025-12-26,C109,古早味紅茶,1,25,25,外送平台
O01160,2025-12-26,C109,燙青菜,1,45,45,外帶
O01583,2025-12-26,C137,滷味拼盤,1,90,90,外送平台
O01583,2025-12-26,C137,蚵仔麵線,2,65,130,外帶
O01333,2025-12-27,C117,蚵仔麵線,1,65,65,外帶
O01333,2025-12-27,C117,麻油麵線,1,85,85,外帶
O00492,2025-12-28,C050,古早味紅茶,1,25,25,外帶
O00492,2025-12-28,C050,燙青菜,1,45,45,外帶
O00492,2025-12-28,C050,古早味紅茶,1,25,25,外送平台
O00722,2025-12-28,C067,燙青菜,1,45,45,外帶
O00942,2025-12-28,C083,炭烤香腸,1,40,40,外送平台
O00942,2025-12-28,C083,古早味紅茶,1,25,25,外帶
O00942,2025-12-28,C083,蚵仔麵線,1,65,65,外帶
O00435,2025-12-29,C046,燙青菜,1,45,45,外帶
O00719,2025-12-29,C067,蚵仔麵線,2,65,130,外帶
O00791,2025-12-29,C072,古早味紅茶,1,25,25,外送平台
O00791,2025-12-29,C072,炭烤香腸,2,40,80,外帶
O00791,2025-12-29,C072,蚵仔麵線,1,65,65,外帶
O01124,2025-12-29,C104,蚵仔麵線,1,65,65,外帶
O00025,2025-12-30,C005,滷味拼盤,1,90,90,外帶
O00025,2025-12-30,C005,蚵仔麵線,1,65,65,內用
O00025,2025-12-30,C005,滷味拼盤,1,90,90,外帶
O01581,2025-12-30,C137,滷味拼盤,1,90,90,外帶
O01581,2025-12-30,C137,滷味拼盤,2,90,180,外帶
O01581,2025-12-30,C137,麻油麵線,2,85,170,外帶
O00022,2025-12-31,C005,炭烤香腸,1,40,40,外帶
O00022,2025-12-31,C005,麻油麵線,1,85,85,外帶
O00079,2025-12-31,C011,麻油麵線,1,85,85,內用
O00079,2025-12-31,C011,炭烤香腸,1,40,40,外帶
O00079,2025-12-31,C011,滷味拼盤,1,90,90,外帶
O00568,2025-12-31,C056,麻油麵線,1,85,85,內用
O00568,2025-12-31,C056,古早味紅茶,1,25,25,外帶
O01564,2025-12-31,C136,燙青菜,1,45,45,外送平台
O01564,2025-12-31,C136,蚵仔麵線,1,65,65,外帶
O01564,2025-12-31,C136,燙青菜,2,45,90,外送平台
O00011,2026-01-01,C002,炭烤香腸,1,40,40,外帶
O00950,2026-01-01,C083,古早味紅茶,1,25,25,外帶
O00950,2026-01-01,C083,古早味紅茶,1,25,25,內用
O00950,2026-01-01,C083,麻油麵線,1,85,85,外帶
O00425,2026-01-02,C046,炭烤香腸,1,40,40,外帶
O00800,2026-01-02,C072,蚵仔麵線,1,65,65,內用
O01275,2026-01-02,C114,蚵仔麵線,1,65,65,外送平台
O01343,2026-01-02,C117,燙青菜,2,45,90,外帶
O00472,2026-01-03,C049,滷味拼盤,1,90,90,內用
O00472,2026-01-03,C049,滷味拼盤,1,90,90,內用
O00472,2026-01-03,C049,燙青菜,2,45,90,外送平台
O01386,2026-01-03,C122,燙青菜,1,45,45,內用
O01386,2026-01-03,C122,炭烤香腸,1,40,40,內用
O01386,2026-01-03,C122,蚵仔麵線,1,65,65,內用
O00727,2026-01-05,C067,炭烤香腸,1,40,40,外送平台
O00727,2026-01-05,C067,燙青菜,1,45,45,外送平台
O00727,2026-01-05,C067,蚵仔麵線,1,65,65,內用
O00468,2026-01-06,C049,蚵仔麵線,1,65,65,外帶
O00551,2026-01-06,C055,燙青菜,1,45,45,外帶
O01070,2026-01-06,C095,燙青菜,1,45,45,外帶
O01070,2026-01-06,C095,燙青菜,1,45,45,外帶
O01070,2026-01-06,C095,燙青菜,1,45,45,外帶
O00594,2026-01-07,C057,滷味拼盤,1,90,90,外帶
O01586,2026-01-07,C137,燙青菜,2,45,90,外送平台
O01586,2026-01-07,C137,蚵仔麵線,1,65,65,外帶
O00235,2026-01-08,C026,燙青菜,1,45,45,外帶
O00235,2026-01-08,C026,麻油麵線,2,85,170,外帶
O00430,2026-01-08,C046,炭烤香腸,1,40,40,外送平台
O00430,2026-01-08,C046,蚵仔麵線,1,65,65,內用
O00566,2026-01-08,C056,蚵仔麵線,1,65,65,外帶
O00566,2026-01-08,C056,蚵仔麵線,1,65,65,外帶
O00483,2026-01-09,C050,滷味拼盤,1,90,90,外帶
O00865,2026-01-09,C080,炭烤香腸,1,40,40,外帶
O00865,2026-01-09,C080,滷味拼盤,1,90,90,內用
O01349,2026-01-09,C117,古早味紅茶,1,25,25,外送平台
O01349,2026-01-09,C117,燙青菜,1,45,45,外帶
O01579,2026-01-10,C137,炭烤香腸,1,40,40,外帶
O01579,2026-01-10,C137,蚵仔麵線,1,65,65,內用
O00822,2026-01-11,C075,燙青菜,1,45,45,外帶
O00869,2026-01-11,C080,炭烤香腸,2,40,80,外帶
O00869,2026-01-11,C080,燙青菜,1,45,45,外帶
O00978,2026-01-11,C088,麻油麵線,1,85,85,內用
O00978,2026-01-11,C088,燙青菜,2,45,90,外送平台
O01609,2026-01-11,C140,燙青菜,1,45,45,外帶
O01609,2026-01-11,C140,麻油麵線,1,85,85,外送平台
O00035,2026-01-12,C007,麻油麵線,1,85,85,外帶
O00035,2026-01-12,C007,蚵仔麵線,1,65,65,外帶
O00899,2026-01-12,C080,蚵仔麵線,1,65,65,內用
O01286,2026-01-12,C114,古早味紅茶,1,25,25,外送平台
O01286,2026-01-12,C114,古早味紅茶,1,25,25,外送平台
O01286,2026-01-12,C114,滷味拼盤,1,90,90,外送平台
O01546,2026-01-12,C136,麻油麵線,1,85,85,外帶
O01546,2026-01-12,C136,麻油麵線,1,85,85,外帶
O01568,2026-01-12,C137,麻油麵線,1,85,85,內用
O01568,2026-01-12,C137,炭烤香腸,2,40,80,內用
O00893,2026-01-13,C080,蚵仔麵線,2,65,130,外帶
O00893,2026-01-13,C080,炭烤香腸,1,40,40,外帶
O00893,2026-01-13,C080,滷味拼盤,2,90,180,外送平台
O01249,2026-01-13,C113,蚵仔麵線,1,65,65,外帶
O01566,2026-01-13,C136,古早味紅茶,1,25,25,外帶
O00032,2026-01-14,C007,滷味拼盤,1,90,90,外帶
O00586,2026-01-14,C057,古早味紅茶,2,25,50,外帶
O00588,2026-01-14,C057,古早味紅茶,1,25,25,外帶
O00794,2026-01-14,C072,滷味拼盤,1,90,90,內用
O00794,2026-01-14,C072,燙青菜,1,45,45,外帶
O00794,2026-01-14,C072,燙青菜,1,45,45,外帶
O00944,2026-01-14,C083,蚵仔麵線,1,65,65,外帶
O00944,2026-01-14,C083,古早味紅茶,1,25,25,外帶
O01572,2026-01-14,C137,燙青菜,1,45,45,外送平台
O01572,2026-01-14,C137,古早味紅茶,1,25,25,內用
O00878,2026-01-16,C080,燙青菜,1,45,45,內用
O00878,2026-01-16,C080,滷味拼盤,1,90,90,外送平台
O00878,2026-01-16,C080,麻油麵線,1,85,85,外送平台
O01338,2026-01-16,C117,蚵仔麵線,1,65,65,外帶
O00776,2026-01-17,C070,蚵仔麵線,1,65,65,外帶
O01247,2026-01-17,C113,炭烤香腸,2,40,80,外帶
O01247,2026-01-17,C113,麻油麵線,1,85,85,內用
O01247,2026-01-17,C113,炭烤香腸,1,40,40,內用
O00024,2026-01-18,C005,燙青菜,1,45,45,外送平台
O00024,2026-01-18,C005,滷味拼盤,1,90,90,外帶
O00522,2026-01-18,C051,古早味紅茶,1,25,25,外送平台
O00522,2026-01-18,C051,炭烤香腸,1,40,40,外送平台
O00023,2026-01-19,C005,燙青菜,1,45,45,外送平台
O00023,2026-01-19,C005,古早味紅茶,1,25,25,外帶
O00074,2026-01-19,C011,古早味紅茶,1,25,25,外帶
O00074,2026-01-19,C011,炭烤香腸,1,40,40,內用
O00074,2026-01-19,C011,蚵仔麵線,2,65,130,外送平台
O00503,2026-01-19,C050,蚵仔麵線,1,65,65,外帶
O00503,2026-01-19,C050,蚵仔麵線,1,65,65,內用
O00503,2026-01-19,C050,蚵仔麵線,1,65,65,外送平台
O00973,2026-01-19,C088,古早味紅茶,1,25,25,外送平台
O00973,2026-01-19,C088,麻油麵線,1,85,85,內用
O01542,2026-01-19,C136,古早味紅茶,1,25,25,外送平台
O01542,2026-01-19,C136,古早味紅茶,2,25,50,外送平台
O00915,2026-01-21,C083,炭烤香腸,1,40,40,外帶
O00915,2026-01-21,C083,古早味紅茶,1,25,25,內用
O01279,2026-01-21,C114,滷味拼盤,1,90,90,外帶
O01279,2026-01-21,C114,古早味紅茶,1,25,25,外帶
O01062,2026-01-22,C093,炭烤香腸,1,40,40,外帶
O01535,2026-01-22,C135,炭烤香腸,1,40,40,外送平台
O01535,2026-01-22,C135,炭烤香腸,1,40,40,外帶
O00729,2026-01-23,C067,古早味紅茶,1,25,25,外帶
O00729,2026-01-23,C067,燙青菜,1,45,45,外送平台
O01233,2026-01-23,C113,炭烤香腸,1,40,40,內用
O01348,2026-01-24,C117,蚵仔麵線,2,65,130,外送平台
O01538,2026-01-24,C135,滷味拼盤,1,90,90,外帶
O01570,2026-01-24,C137,滷味拼盤,1,90,90,內用
O00469,2026-01-25,C049,蚵仔麵線,1,65,65,外帶
O00469,2026-01-25,C049,蚵仔麵線,1,65,65,外帶
O00041,2026-01-26,C007,蚵仔麵線,1,65,65,外送平台
O00738,2026-01-26,C067,古早味紅茶,1,25,25,外帶
O00738,2026-01-26,C067,麻油麵線,2,85,170,內用
O01264,2026-01-26,C114,燙青菜,1,45,45,外帶
O01264,2026-01-26,C114,滷味拼盤,1,90,90,外送平台
O01602,2026-01-26,C140,蚵仔麵線,1,65,65,內用
O00529,2026-01-27,C051,古早味紅茶,1,25,25,外送平台
O00936,2026-01-27,C083,炭烤香腸,1,40,40,外帶
O00936,2026-01-27,C083,燙青菜,1,45,45,外帶
O01132,2026-01-27,C104,古早味紅茶,1,25,25,外帶
O01340,2026-01-27,C117,蚵仔麵線,1,65,65,內用
O01340,2026-01-27,C117,蚵仔麵線,1,65,65,外送平台
O01340,2026-01-27,C117,燙青菜,1,45,45,內用
O01364,2026-01-27,C120,滷味拼盤,1,90,90,外帶
O00478,2026-01-28,C049,炭烤香腸,1,40,40,外帶
O00478,2026-01-28,C049,燙青菜,1,45,45,外帶
O00783,2026-01-28,C072,麻油麵線,1,85,85,外帶
O01274,2026-01-28,C114,古早味紅茶,1,25,25,內用
O01331,2026-01-28,C117,炭烤香腸,1,40,40,外送平台
O01331,2026-01-28,C117,古早味紅茶,1,25,25,外帶
O00983,2026-01-29,C088,炭烤香腸,2,40,80,外帶
O01241,2026-01-29,C113,蚵仔麵線,2,65,130,外送平台
O01241,2026-01-29,C113,滷味拼盤,1,90,90,外帶
O01241,2026-01-29,C113,蚵仔麵線,1,65,65,內用
O00559,2026-01-30,C056,滷味拼盤,1,90,90,外帶
O00559,2026-01-30,C056,炭烤香腸,1,40,40,外送平台
O00725,2026-01-30,C067,古早味紅茶,2,25,50,內用
O00725,2026-01-30,C067,古早味紅茶,2,25,50,外帶
O01250,2026-01-30,C113,蚵仔麵線,1,65,65,外送平台
O01250,2026-01-30,C113,滷味拼盤,1,90,90,外帶
O01378,2026-01-30,C120,麻油麵線,1,85,85,外帶
O01378,2026-01-30,C120,麻油麵線,2,85,170,內用
O01378,2026-01-30,C120,滷味拼盤,1,90,90,外送平台
O01607,2026-01-30,C140,燙青菜,1,45,45,內用
O01607,2026-01-30,C140,滷味拼盤,2,90,180,外送平台
O01607,2026-01-30,C140,麻油麵線,1,85,85,外帶
O00233,2026-01-31,C026,古早味紅茶,1,25,25,外送平台
O00717,2026-01-31,C067,燙青菜,2,45,90,外帶
O00717,2026-01-31,C067,滷味拼盤,1,90,90,外帶
O00825,2026-02-01,C075,滷味拼盤,1,90,90,外送平台
O00825,2026-02-01,C075,古早味紅茶,1,25,25,外帶
O00837,2026-02-01,C076,燙青菜,1,45,45,外帶
O00837,2026-02-01,C076,麻油麵線,2,85,170,內用
O00837,2026-02-01,C076,蚵仔麵線,1,65,65,外帶
O00888,2026-02-01,C080,炭烤香腸,1,40,40,內用
O00888,2026-02-01,C080,古早味紅茶,1,25,25,外帶
O00888,2026-02-01,C080,滷味拼盤,1,90,90,外帶
O01206,2026-02-01,C111,古早味紅茶,1,25,25,外帶
O01206,2026-02-01,C111,滷味拼盤,1,90,90,外送平台
O01206,2026-02-01,C111,麻油麵線,1,85,85,外帶
O00225,2026-02-02,C026,燙青菜,1,45,45,外送平台
O00225,2026-02-02,C026,蚵仔麵線,1,65,65,內用
O00490,2026-02-02,C050,滷味拼盤,1,90,90,外帶
O00490,2026-02-02,C050,滷味拼盤,2,90,180,外帶
O00902,2026-02-03,C080,燙青菜,1,45,45,外帶
O00902,2026-02-03,C080,炭烤香腸,1,40,40,內用
O01356,2026-02-03,C118,滷味拼盤,1,90,90,外帶
O01356,2026-02-03,C118,麻油麵線,1,85,85,外帶
O01596,2026-02-03,C140,炭烤香腸,2,40,80,內用
O00018,2026-02-04,C005,蚵仔麵線,1,65,65,內用
O00018,2026-02-04,C005,燙青菜,1,45,45,外送平台
O00595,2026-02-04,C058,滷味拼盤,1,90,90,外帶
O00036,2026-02-05,C007,古早味紅茶,1,25,25,外送平台
O00036,2026-02-05,C007,炭烤香腸,1,40,40,內用
O00036,2026-02-05,C007,蚵仔麵線,1,65,65,外帶
O00048,2026-02-05,C007,古早味紅茶,1,25,25,外帶
O00357,2026-02-05,C034,麻油麵線,1,85,85,外帶
O01136,2026-02-06,C104,炭烤香腸,1,40,40,外帶
O00790,2026-02-07,C072,古早味紅茶,1,25,25,外帶
O00830,2026-02-07,C075,麻油麵線,1,85,85,外帶
O00830,2026-02-07,C075,麻油麵線,1,85,85,內用
O00830,2026-02-07,C075,燙青菜,1,45,45,外送平台
O01237,2026-02-07,C113,蚵仔麵線,1,65,65,外帶
O00029,2026-02-08,C007,麻油麵線,1,85,85,內用
O01388,2026-02-08,C122,燙青菜,2,45,90,外送平台
O00086,2026-02-09,C012,燙青菜,1,45,45,外帶
O00088,2026-02-09,C012,滷味拼盤,1,90,90,外帶
O00091,2026-02-09,C012,麻油麵線,2,85,170,外帶
O00092,2026-02-09,C012,蚵仔麵線,1,65,65,外帶
O00092,2026-02-09,C012,滷味拼盤,2,90,180,外帶
O00092,2026-02-09,C012,蚵仔麵線,1,65,65,外帶
O00093,2026-02-09,C012,麻油麵線,2,85,170,外送平台
O00093,2026-02-09,C012,燙青菜,1,45,45,外送平台
O00094,2026-02-09,C012,炭烤香腸,1,40,40,外帶
O00094,2026-02-09,C012,滷味拼盤,1,90,90,內用
O00097,2026-02-09,C012,蚵仔麵線,1,65,65,外帶
O00098,2026-02-09,C012,炭烤香腸,1,40,40,外送平台
O00099,2026-02-09,C012,滷味拼盤,1,90,90,外帶
O00190,2026-02-09,C024,滷味拼盤,2,90,180,外送平台
O00190,2026-02-09,C024,炭烤香腸,2,40,80,外送平台
O00194,2026-02-09,C024,炭烤香腸,2,40,80,內用
O00194,2026-02-09,C024,炭烤香腸,2,40,80,外帶
O00195,2026-02-09,C024,燙青菜,2,45,90,外帶
O00197,2026-02-09,C024,蚵仔麵線,1,65,65,外送平台
O00197,2026-02-09,C024,滷味拼盤,1,90,90,外帶
O00198,2026-02-09,C024,燙青菜,1,45,45,外送平台
O00201,2026-02-09,C024,蚵仔麵線,1,65,65,外帶
O00204,2026-02-09,C024,炭烤香腸,2,40,80,內用
O00891,2026-02-09,C080,炭烤香腸,2,40,80,外帶
O00891,2026-02-09,C080,蚵仔麵線,1,65,65,內用
O01130,2026-02-09,C104,麻油麵線,1,85,85,內用
O01130,2026-02-09,C104,麻油麵線,1,85,85,外帶
O01269,2026-02-09,C114,麻油麵線,1,85,85,內用
O01269,2026-02-09,C114,滷味拼盤,2,90,180,外帶
O01269,2026-02-09,C114,燙青菜,1,45,45,外帶
O00080,2026-02-10,C012,滷味拼盤,2,90,180,內用
O00080,2026-02-10,C012,燙青菜,1,45,45,外帶
O00080,2026-02-10,C012,古早味紅茶,1,25,25,外送平台
O00081,2026-02-10,C012,炭烤香腸,1,40,40,外帶
O00081,2026-02-10,C012,滷味拼盤,1,90,90,外送平台
O00082,2026-02-10,C012,古早味紅茶,1,25,25,內用
O00083,2026-02-10,C012,蚵仔麵線,1,65,65,外帶
O00083,2026-02-10,C012,炭烤香腸,1,40,40,外帶
O00084,2026-02-10,C012,滷味拼盤,1,90,90,內用
O00084,2026-02-10,C012,古早味紅茶,1,25,25,外帶
O00085,2026-02-10,C012,炭烤香腸,1,40,40,外送平台
O00085,2026-02-10,C012,燙青菜,1,45,45,外帶
O00087,2026-02-10,C012,麻油麵線,1,85,85,外帶
O00087,2026-02-10,C012,古早味紅茶,1,25,25,外送平台
O00087,2026-02-10,C012,燙青菜,2,45,90,外帶
O00089,2026-02-10,C012,燙青菜,1,45,45,內用
O00089,2026-02-10,C012,燙青菜,1,45,45,外帶
O00090,2026-02-10,C012,古早味紅茶,1,25,25,外帶
O00095,2026-02-10,C012,古早味紅茶,1,25,25,內用
O00095,2026-02-10,C012,燙青菜,1,45,45,外送平台
O00095,2026-02-10,C012,燙青菜,2,45,90,內用
O00096,2026-02-10,C012,麻油麵線,1,85,85,內用
O00116,2026-02-10,C014,古早味紅茶,2,25,50,外帶
O00116,2026-02-10,C014,滷味拼盤,1,90,90,內用
O00121,2026-02-10,C014,蚵仔麵線,1,65,65,外帶
O00191,2026-02-10,C024,麻油麵線,1,85,85,外帶
O00192,2026-02-10,C024,燙青菜,2,45,90,外送平台
O00192,2026-02-10,C024,麻油麵線,1,85,85,外送平台
O00193,2026-02-10,C024,滷味拼盤,1,90,90,外送平台
O00196,2026-02-10,C024,炭烤香腸,1,40,40,外送平台
O00199,2026-02-10,C024,炭烤香腸,1,40,40,內用
O00200,2026-02-10,C024,燙青菜,2,45,90,外送平台
O00200,2026-02-10,C024,蚵仔麵線,1,65,65,外帶
O00202,2026-02-10,C024,麻油麵線,2,85,170,外帶
O00203,2026-02-10,C024,蚵仔麵線,2,65,130,外送平台
O00535,2026-02-10,C052,炭烤香腸,1,40,40,內用
O00537,2026-02-10,C052,燙青菜,1,45,45,外帶
O00538,2026-02-10,C052,滷味拼盤,1,90,90,內用
O00541,2026-02-10,C052,燙青菜,2,45,90,外帶
O00542,2026-02-10,C052,麻油麵線,1,85,85,外送平台
O00542,2026-02-10,C052,滷味拼盤,1,90,90,外帶
O00542,2026-02-10,C052,燙青菜,1,45,45,內用
O00543,2026-02-10,C052,炭烤香腸,2,40,80,外帶
O00543,2026-02-10,C052,燙青菜,1,45,45,外帶
O00543,2026-02-10,C052,麻油麵線,1,85,85,外送平台
O00760,2026-02-10,C070,古早味紅茶,1,25,25,外帶
O00760,2026-02-10,C070,滷味拼盤,1,90,90,外帶
O00760,2026-02-10,C070,蚵仔麵線,1,65,65,內用
O00761,2026-02-10,C070,麻油麵線,1,85,85,外帶
O00834,2026-02-10,C075,麻油麵線,1,85,85,內用
O00945,2026-02-10,C083,燙青菜,1,45,45,外帶
O00945,2026-02-10,C083,古早味紅茶,1,25,25,外送平台
O01242,2026-02-10,C113,古早味紅茶,1,25,25,外帶
O01513,2026-02-10,C130,燙青菜,2,45,90,內用
O00533,2026-02-11,C052,燙青菜,1,45,45,外帶
O00533,2026-02-11,C052,滷味拼盤,1,90,90,內用
O00534,2026-02-11,C052,炭烤香腸,2,40,80,外送平台
O00536,2026-02-11,C052,炭烤香腸,1,40,40,內用
O00539,2026-02-11,C052,蚵仔麵線,1,65,65,外帶
O00540,2026-02-11,C052,麻油麵線,1,85,85,內用
O00540,2026-02-11,C052,燙青菜,1,45,45,外帶
O00540,2026-02-11,C052,古早味紅茶,1,25,25,內用
O00544,2026-02-11,C052,滷味拼盤,1,90,90,內用
O00545,2026-02-11,C052,蚵仔麵線,1,65,65,內用
O00545,2026-02-11,C052,滷味拼盤,2,90,180,外帶
O00546,2026-02-11,C052,蚵仔麵線,2,65,130,外帶
O00546,2026-02-11,C052,麻油麵線,1,85,85,外帶
O00546,2026-02-11,C052,古早味紅茶,1,25,25,外帶
O00547,2026-02-11,C052,滷味拼盤,2,90,180,外帶
O00547,2026-02-11,C052,古早味紅茶,1,25,25,內用
O00917,2026-02-11,C083,蚵仔麵線,1,65,65,外帶
O01374,2026-02-11,C120,麻油麵線,2,85,170,內用
O01505,2026-02-11,C130,滷味拼盤,1,90,90,外帶
O01041,2026-02-12,C091,麻油麵線,1,85,85,外帶
O01041,2026-02-12,C091,燙青菜,2,45,90,外送平台
O01041,2026-02-12,C091,炭烤香腸,1,40,40,外帶
O01043,2026-02-12,C091,蚵仔麵線,1,65,65,內用
O01172,2026-02-12,C109,古早味紅茶,1,25,25,內用
O01172,2026-02-12,C109,蚵仔麵線,1,65,65,外帶
O01506,2026-02-12,C130,炭烤香腸,2,40,80,外帶
O01517,2026-02-13,C131,滷味拼盤,1,90,90,內用
O01517,2026-02-13,C131,古早味紅茶,1,25,25,外帶
O00108,2026-02-15,C014,古早味紅茶,1,25,25,外帶
O00108,2026-02-15,C014,古早味紅茶,1,25,25,外帶
O01359,2026-02-15,C118,蚵仔麵線,2,65,130,內用
O01359,2026-02-15,C118,古早味紅茶,1,25,25,內用
O01359,2026-02-15,C118,蚵仔麵線,2,65,130,外帶
O00113,2026-02-16,C014,蚵仔麵線,1,65,65,內用
O00113,2026-02-16,C014,炭烤香腸,1,40,40,外送平台
O00123,2026-02-17,C014,古早味紅茶,1,25,25,外送平台
O00123,2026-02-17,C014,古早味紅茶,1,25,25,內用
O00570,2026-02-17,C056,麻油麵線,1,85,85,外送平台
O00570,2026-02-17,C056,蚵仔麵線,1,65,65,外帶
O01126,2026-02-17,C104,古早味紅茶,1,25,25,外送平台
O01126,2026-02-17,C104,蚵仔麵線,1,65,65,內用
O00112,2026-02-18,C014,滷味拼盤,2,90,180,外帶
O00112,2026-02-18,C014,滷味拼盤,1,90,90,內用
O00114,2026-02-18,C014,蚵仔麵線,2,65,130,外帶
O00114,2026-02-18,C014,滷味拼盤,1,90,90,外帶
O01163,2026-02-18,C109,麻油麵線,1,85,85,內用
O00107,2026-02-19,C014,燙青菜,1,45,45,外送平台
O00107,2026-02-19,C014,蚵仔麵線,2,65,130,內用
O00107,2026-02-19,C014,古早味紅茶,2,25,50,外帶
O01119,2026-02-19,C104,蚵仔麵線,1,65,65,內用
O01119,2026-02-19,C104,滷味拼盤,1,90,90,外帶
O01375,2026-02-19,C120,燙青菜,1,45,45,外帶
O01375,2026-02-19,C120,麻油麵線,1,85,85,外帶
O01591,2026-02-19,C138,燙青菜,1,45,45,外帶
O00802,2026-02-20,C072,炭烤香腸,1,40,40,內用
O00802,2026-02-20,C072,燙青菜,1,45,45,內用
O00802,2026-02-20,C072,古早味紅茶,1,25,25,外送平台
O00824,2026-02-20,C075,古早味紅茶,1,25,25,外帶
O00824,2026-02-20,C075,燙青菜,1,45,45,內用
O00974,2026-02-20,C088,滷味拼盤,1,90,90,外帶
O00974,2026-02-20,C088,燙青菜,1,45,45,外送平台
O00974,2026-02-20,C088,炭烤香腸,1,40,40,內用
O01069,2026-02-20,C095,滷味拼盤,1,90,90,外帶
O01069,2026-02-20,C095,古早味紅茶,1,25,25,外帶
O01069,2026-02-20,C095,燙青菜,1,45,45,內用
O01287,2026-02-20,C114,蚵仔麵線,1,65,65,外帶
O00229,2026-02-21,C026,蚵仔麵線,1,65,65,內用
O00229,2026-02-21,C026,蚵仔麵線,1,65,65,外帶
O00638,2026-02-21,C064,古早味紅茶,1,25,25,外帶
O00638,2026-02-21,C064,滷味拼盤,1,90,90,內用
O00767,2026-02-21,C070,炭烤香腸,1,40,40,外送平台
O00767,2026-02-21,C070,滷味拼盤,1,90,90,外送平台
O00767,2026-02-21,C070,燙青菜,1,45,45,外送平台
O01258,2026-02-21,C114,蚵仔麵線,1,65,65,內用
O00396,2026-02-22,C038,麻油麵線,1,85,85,外帶
O01365,2026-02-22,C120,麻油麵線,1,85,85,外帶
O01365,2026-02-22,C120,古早味紅茶,1,25,25,內用
O01365,2026-02-22,C120,古早味紅茶,1,25,25,外帶
O00075,2026-02-23,C011,燙青菜,1,45,45,外送平台
O00075,2026-02-23,C011,炭烤香腸,1,40,40,外帶
O00103,2026-02-23,C014,燙青菜,2,45,90,內用
O00103,2026-02-23,C014,燙青菜,2,45,90,外帶
O00903,2026-02-23,C081,麻油麵線,1,85,85,外帶
O00903,2026-02-23,C081,麻油麵線,2,85,170,內用
O01063,2026-02-23,C094,古早味紅茶,1,25,25,內用
O01063,2026-02-23,C094,麻油麵線,1,85,85,外帶
O01526,2026-02-23,C133,滷味拼盤,1,90,90,外帶
O01526,2026-02-23,C133,蚵仔麵線,2,65,130,外帶
O01526,2026-02-23,C133,古早味紅茶,1,25,25,外帶
O01550,2026-02-23,C136,滷味拼盤,1,90,90,外帶
O00102,2026-02-24,C014,蚵仔麵線,2,65,130,外帶
O01598,2026-02-24,C140,炭烤香腸,1,40,40,外送平台
O01598,2026-02-24,C140,滷味拼盤,2,90,180,外帶
O01598,2026-02-24,C140,炭烤香腸,2,40,80,外送平台
O01500,2026-02-25,C130,麻油麵線,1,85,85,外帶
O01500,2026-02-25,C130,滷味拼盤,1,90,90,外送平台
O00872,2026-02-26,C080,蚵仔麵線,1,65,65,外帶
O00872,2026-02-26,C080,炭烤香腸,1,40,40,外帶
O01238,2026-02-26,C113,蚵仔麵線,2,65,130,外帶
O01238,2026-02-26,C113,滷味拼盤,1,90,90,外帶
O00240,2026-02-27,C026,蚵仔麵線,1,65,65,內用
O00240,2026-02-27,C026,炭烤香腸,1,40,40,外帶
O00558,2026-02-27,C056,燙青菜,1,45,45,外送平台
O00558,2026-02-27,C056,炭烤香腸,1,40,40,外送平台
O00623,2026-02-27,C061,滷味拼盤,1,90,90,內用
O00645,2026-02-27,C064,滷味拼盤,1,90,90,外帶
O00645,2026-02-27,C064,滷味拼盤,1,90,90,外帶
O00645,2026-02-27,C064,麻油麵線,2,85,170,外送平台
O00826,2026-02-27,C075,炭烤香腸,1,40,40,外帶
O01196,2026-02-27,C111,蚵仔麵線,1,65,65,外送平台
O01196,2026-02-27,C111,燙青菜,1,45,45,內用
O01240,2026-02-27,C113,炭烤香腸,1,40,40,外送平台
O01240,2026-02-27,C113,炭烤香腸,1,40,40,外帶
O01240,2026-02-27,C113,炭烤香腸,1,40,40,外送平台
O01507,2026-02-27,C130,滷味拼盤,1,90,90,外送平台
O00513,2026-02-28,C050,麻油麵線,1,85,85,外送平台
O00582,2026-02-28,C056,燙青菜,1,45,45,外帶
O00582,2026-02-28,C056,燙青菜,1,45,45,外帶
O00582,2026-02-28,C056,炭烤香腸,1,40,40,外帶
O00641,2026-02-28,C064,燙青菜,1,45,45,外帶
O00641,2026-02-28,C064,蚵仔麵線,2,65,130,內用
O00863,2026-02-28,C080,蚵仔麵線,2,65,130,外送平台
O00863,2026-02-28,C080,燙青菜,1,45,45,外帶
O00863,2026-02-28,C080,炭烤香腸,1,40,40,內用
O00921,2026-02-28,C083,蚵仔麵線,2,65,130,內用
O00921,2026-02-28,C083,蚵仔麵線,1,65,65,內用
O00653,2026-03-01,C064,古早味紅茶,2,25,50,外帶
O01536,2026-03-01,C135,炭烤香腸,1,40,40,外帶
O01536,2026-03-01,C135,古早味紅茶,1,25,25,外帶
O00827,2026-03-02,C075,蚵仔麵線,1,65,65,外帶
O00827,2026-03-02,C075,燙青菜,1,45,45,內用
O00827,2026-03-02,C075,炭烤香腸,1,40,40,內用
O01044,2026-03-02,C091,古早味紅茶,1,25,25,外送平台
O01044,2026-03-02,C091,燙青菜,1,45,45,外送平台
O00141,2026-03-03,C019,燙青菜,2,45,90,外帶
O00141,2026-03-03,C019,滷味拼盤,2,90,180,外送平台
O00141,2026-03-03,C019,炭烤香腸,1,40,40,外帶
O00147,2026-03-03,C019,蚵仔麵線,1,65,65,內用
O00147,2026-03-03,C019,燙青菜,1,45,45,外送平台
O00147,2026-03-03,C019,麻油麵線,1,85,85,外送平台
O00152,2026-03-03,C019,古早味紅茶,1,25,25,內用
O00152,2026-03-03,C019,古早味紅茶,1,25,25,內用
O00152,2026-03-03,C019,古早味紅茶,1,25,25,外帶
O00720,2026-03-03,C067,燙青菜,2,45,90,外送平台
O00916,2026-03-03,C083,麻油麵線,1,85,85,外送平台
O01075,2026-03-03,C096,滷味拼盤,1,90,90,內用
O01075,2026-03-03,C096,滷味拼盤,1,90,90,外帶
O01355,2026-03-03,C118,麻油麵線,1,85,85,外帶
O01355,2026-03-03,C118,滷味拼盤,1,90,90,外帶
O01377,2026-03-03,C120,滷味拼盤,1,90,90,外帶
O00140,2026-03-04,C019,炭烤香腸,1,40,40,外帶
O00140,2026-03-04,C019,滷味拼盤,1,90,90,外帶
O00142,2026-03-04,C019,蚵仔麵線,1,65,65,外帶
O00143,2026-03-04,C019,滷味拼盤,2,90,180,外送平台
O00143,2026-03-04,C019,古早味紅茶,1,25,25,外送平台
O00144,2026-03-04,C019,炭烤香腸,1,40,40,外送平台
O00145,2026-03-04,C019,麻油麵線,2,85,170,外帶
O00145,2026-03-04,C019,炭烤香腸,1,40,40,內用
O00145,2026-03-04,C019,麻油麵線,1,85,85,外帶
O00146,2026-03-04,C019,燙青菜,1,45,45,外送平台
O00146,2026-03-04,C019,滷味拼盤,1,90,90,外帶
O00148,2026-03-04,C019,炭烤香腸,1,40,40,內用
O00149,2026-03-04,C019,古早味紅茶,1,25,25,外帶
O00149,2026-03-04,C019,古早味紅茶,1,25,25,外送平台
O00150,2026-03-04,C019,燙青菜,1,45,45,外帶
O00150,2026-03-04,C019,燙青菜,1,45,45,外帶
O00151,2026-03-04,C019,蚵仔麵線,1,65,65,外帶
O00151,2026-03-04,C019,古早味紅茶,1,25,25,外送平台
O00248,2026-03-04,C026,蚵仔麵線,1,65,65,內用
O00889,2026-03-04,C080,滷味拼盤,1,90,90,外帶
O01140,2026-03-04,C105,麻油麵線,1,85,85,外帶
O01141,2026-03-04,C105,燙青菜,1,45,45,外送平台
O01141,2026-03-04,C105,炭烤香腸,1,40,40,外帶
O01142,2026-03-04,C105,燙青菜,1,45,45,外帶
O01143,2026-03-04,C105,蚵仔麵線,1,65,65,外帶
O01143,2026-03-04,C105,滷味拼盤,1,90,90,外送平台
O01143,2026-03-04,C105,滷味拼盤,1,90,90,外帶
O01138,2026-03-05,C105,滷味拼盤,1,90,90,內用
O01139,2026-03-05,C105,蚵仔麵線,1,65,65,外帶
O01139,2026-03-05,C105,滷味拼盤,1,90,90,外帶
O01144,2026-03-05,C105,滷味拼盤,1,90,90,外帶
O01144,2026-03-05,C105,蚵仔麵線,1,65,65,外送平台
O01278,2026-03-05,C114,燙青菜,2,45,90,外帶
O01278,2026-03-05,C114,滷味拼盤,1,90,90,內用
O01278,2026-03-05,C114,蚵仔麵線,1,65,65,外帶
O00970,2026-03-06,C088,燙青菜,2,45,90,外送平台
O00630,2026-03-07,C064,麻油麵線,2,85,170,內用
O00630,2026-03-07,C064,蚵仔麵線,1,65,65,外帶
O01034,2026-03-07,C091,炭烤香腸,1,40,40,外送平台
O01068,2026-03-07,C095,燙青菜,1,45,45,外帶
O01068,2026-03-07,C095,蚵仔麵線,1,65,65,外帶
O01210,2026-03-07,C111,炭烤香腸,1,40,40,外帶
O01210,2026-03-07,C111,滷味拼盤,1,90,90,內用
O00139,2026-03-08,C018,古早味紅茶,2,25,50,外帶
O00654,2026-03-09,C064,燙青菜,1,45,45,外帶
O00654,2026-03-09,C064,滷味拼盤,1,90,90,外送平台
O00823,2026-03-09,C075,蚵仔麵線,1,65,65,內用
O01123,2026-03-09,C104,古早味紅茶,2,25,50,外帶
O01123,2026-03-09,C104,蚵仔麵線,1,65,65,外帶
O01123,2026-03-09,C104,麻油麵線,1,85,85,外帶
O00510,2026-03-10,C050,炭烤香腸,1,40,40,外帶
O00646,2026-03-10,C064,古早味紅茶,1,25,25,外帶
O01376,2026-03-10,C120,蚵仔麵線,1,65,65,內用
O01376,2026-03-10,C120,炭烤香腸,1,40,40,內用
O00049,2026-03-11,C007,炭烤香腸,1,40,40,內用
O00049,2026-03-11,C007,蚵仔麵線,1,65,65,外送平台
O00352,2026-03-11,C034,蚵仔麵線,1,65,65,外帶
O00352,2026-03-11,C034,滷味拼盤,2,90,180,外送平台
O01370,2026-03-11,C120,炭烤香腸,1,40,40,外送平台
O01370,2026-03-11,C120,炭烤香腸,1,40,40,外送平台
O01370,2026-03-11,C120,炭烤香腸,1,40,40,外帶
O01502,2026-03-11,C130,滷味拼盤,1,90,90,外帶
O00523,2026-03-12,C051,炭烤香腸,1,40,40,外帶
O00637,2026-03-12,C064,古早味紅茶,2,25,50,外送平台
O01173,2026-03-12,C109,麻油麵線,1,85,85,外帶
O01173,2026-03-12,C109,炭烤香腸,1,40,40,外送平台
O01173,2026-03-12,C109,炭烤香腸,1,40,40,內用
O00741,2026-03-13,C068,燙青菜,1,45,45,外帶
O00773,2026-03-13,C070,麻油麵線,1,85,85,外帶
O00773,2026-03-13,C070,炭烤香腸,1,40,40,外帶
O01261,2026-03-13,C114,滷味拼盤,1,90,90,外帶
O00122,2026-03-14,C014,麻油麵線,1,85,85,外帶
O00230,2026-03-14,C026,滷味拼盤,1,90,90,外帶
O00501,2026-03-14,C050,麻油麵線,2,85,170,內用
O00501,2026-03-14,C050,滷味拼盤,2,90,180,外帶
O00506,2026-03-14,C050,蚵仔麵線,2,65,130,外帶
O00506,2026-03-14,C050,古早味紅茶,2,25,50,外帶
O00506,2026-03-14,C050,蚵仔麵線,1,65,65,內用
O00744,2026-03-14,C068,滷味拼盤,1,90,90,外帶
O00835,2026-03-14,C075,炭烤香腸,1,40,40,外帶
O01194,2026-03-14,C111,蚵仔麵線,1,65,65,外帶
O01194,2026-03-14,C111,滷味拼盤,1,90,90,外送平台
O01194,2026-03-14,C111,炭烤香腸,2,40,80,內用
O01232,2026-03-14,C113,滷味拼盤,1,90,90,外帶
O01232,2026-03-14,C113,蚵仔麵線,2,65,130,外帶
O01232,2026-03-14,C113,古早味紅茶,1,25,25,外帶
O00227,2026-03-15,C026,古早味紅茶,1,25,25,內用
O00614,2026-03-15,C059,蚵仔麵線,1,65,65,外送平台
O00614,2026-03-15,C059,炭烤香腸,1,40,40,外帶
O00614,2026-03-15,C059,燙青菜,2,45,90,外送平台
O00840,2026-03-15,C077,麻油麵線,1,85,85,外送平台
O00840,2026-03-15,C077,燙青菜,1,45,45,外帶
O00966,2026-03-15,C086,蚵仔麵線,1,65,65,外帶
O01170,2026-03-16,C109,古早味紅茶,2,25,50,外帶
O00239,2026-03-17,C026,麻油麵線,1,85,85,外帶
O00757,2026-03-17,C069,古早味紅茶,2,25,50,內用
O00757,2026-03-17,C069,麻油麵線,1,85,85,外送平台
O00757,2026-03-17,C069,麻油麵線,1,85,85,外送平台
O01235,2026-03-17,C113,麻油麵線,2,85,170,內用
O01235,2026-03-17,C113,炭烤香腸,2,40,80,外送平台
O01285,2026-03-17,C114,麻油麵線,1,85,85,外帶
O01562,2026-03-17,C136,古早味紅茶,1,25,25,外帶
O00111,2026-03-18,C014,蚵仔麵線,1,65,65,外帶
O00554,2026-03-18,C056,麻油麵線,2,85,170,外送平台
O00554,2026-03-18,C056,麻油麵線,1,85,85,內用
O01545,2026-03-18,C136,燙青菜,1,45,45,外送平台
O01545,2026-03-18,C136,炭烤香腸,1,40,40,外帶
O00704,2026-03-19,C066,蚵仔麵線,1,65,65,內用
O00704,2026-03-19,C066,滷味拼盤,1,90,90,外送平台
O01479,2026-03-19,C129,麻油麵線,1,85,85,內用
O01479,2026-03-19,C129,蚵仔麵線,1,65,65,外帶
O01516,2026-03-19,C130,滷味拼盤,1,90,90,外帶
O01516,2026-03-19,C130,滷味拼盤,2,90,180,外送平台
O00046,2026-03-20,C007,燙青菜,1,45,45,外送平台
O00101,2026-03-20,C014,古早味紅茶,2,25,50,外帶
O00560,2026-03-20,C056,滷味拼盤,1,90,90,外帶
O00560,2026-03-20,C056,麻油麵線,1,85,85,外帶
O01357,2026-03-20,C118,燙青菜,1,45,45,外帶
O01357,2026-03-20,C118,滷味拼盤,1,90,90,外帶
O01357,2026-03-20,C118,燙青菜,1,45,45,外送平台
O01373,2026-03-20,C120,古早味紅茶,1,25,25,外帶
O01373,2026-03-20,C120,炭烤香腸,1,40,40,外帶
O00119,2026-03-21,C014,古早味紅茶,1,25,25,外送平台
O00965,2026-03-21,C086,麻油麵線,1,85,85,內用
O00965,2026-03-21,C086,滷味拼盤,1,90,90,內用
O00965,2026-03-21,C086,炭烤香腸,1,40,40,內用
O01079,2026-03-21,C097,麻油麵線,1,85,85,內用
O01083,2026-03-21,C097,古早味紅茶,1,25,25,外帶
O01083,2026-03-21,C097,古早味紅茶,2,25,50,內用
O01083,2026-03-21,C097,麻油麵線,1,85,85,外帶
O01084,2026-03-21,C097,蚵仔麵線,1,65,65,外帶
O01085,2026-03-21,C097,古早味紅茶,1,25,25,內用
O01085,2026-03-21,C097,滷味拼盤,1,90,90,內用
O01087,2026-03-21,C097,燙青菜,1,45,45,內用
O01090,2026-03-21,C097,麻油麵線,1,85,85,外帶
O01090,2026-03-21,C097,古早味紅茶,1,25,25,內用
O01093,2026-03-21,C097,古早味紅茶,1,25,25,外帶
O01094,2026-03-21,C097,麻油麵線,1,85,85,外送平台
O01097,2026-03-21,C097,古早味紅茶,1,25,25,外帶
O01098,2026-03-21,C097,滷味拼盤,1,90,90,內用
O01098,2026-03-21,C097,炭烤香腸,1,40,40,外帶
O01098,2026-03-21,C097,滷味拼盤,1,90,90,外帶
O01534,2026-03-21,C135,古早味紅茶,1,25,25,外帶
O01534,2026-03-21,C135,滷味拼盤,2,90,180,內用
O00519,2026-03-22,C051,炭烤香腸,1,40,40,外帶
O00519,2026-03-22,C051,蚵仔麵線,1,65,65,外帶
O01077,2026-03-22,C097,炭烤香腸,1,40,40,外帶
O01078,2026-03-22,C097,蚵仔麵線,1,65,65,外送平台
O01078,2026-03-22,C097,滷味拼盤,1,90,90,外帶
O01080,2026-03-22,C097,滷味拼盤,1,90,90,內用
O01080,2026-03-22,C097,蚵仔麵線,2,65,130,外帶
O01081,2026-03-22,C097,滷味拼盤,2,90,180,外帶
O01082,2026-03-22,C097,燙青菜,2,45,90,外帶
O01086,2026-03-22,C097,古早味紅茶,2,25,50,外帶
O01086,2026-03-22,C097,古早味紅茶,1,25,25,外帶
O01088,2026-03-22,C097,古早味紅茶,2,25,50,內用
O01088,2026-03-22,C097,燙青菜,1,45,45,外帶
O01089,2026-03-22,C097,麻油麵線,1,85,85,內用
O01089,2026-03-22,C097,燙青菜,1,45,45,外帶
O01091,2026-03-22,C097,滷味拼盤,1,90,90,外帶
O01091,2026-03-22,C097,古早味紅茶,1,25,25,外送平台
O01092,2026-03-22,C097,炭烤香腸,1,40,40,外送平台
O01092,2026-03-22,C097,燙青菜,1,45,45,內用
O01092,2026-03-22,C097,古早味紅茶,1,25,25,外帶
O01095,2026-03-22,C097,麻油麵線,1,85,85,外送平台
O01095,2026-03-22,C097,燙青菜,1,45,45,外帶
O01096,2026-03-22,C097,古早味紅茶,1,25,25,外帶
O01096,2026-03-22,C097,蚵仔麵線,1,65,65,外帶
O01181,2026-03-22,C109,古早味紅茶,1,25,25,內用
O01181,2026-03-22,C109,蚵仔麵線,1,65,65,內用
O01363,2026-03-22,C120,古早味紅茶,2,25,50,外送平台
O01366,2026-03-22,C120,滷味拼盤,1,90,90,外送平台
O01366,2026-03-22,C120,滷味拼盤,1,90,90,外帶
O01367,2026-03-22,C120,燙青菜,2,45,90,外送平台
O01367,2026-03-22,C120,炭烤香腸,1,40,40,外帶
O01515,2026-03-22,C130,古早味紅茶,2,25,50,內用
O01515,2026-03-22,C130,麻油麵線,1,85,85,外帶
O00527,2026-03-23,C051,燙青菜,1,45,45,外帶
O00527,2026-03-23,C051,蚵仔麵線,1,65,65,內用
O00531,2026-03-23,C051,蚵仔麵線,1,65,65,外帶
O00617,2026-03-23,C059,古早味紅茶,1,25,25,內用
O00763,2026-03-23,C070,麻油麵線,2,85,170,外帶
O00763,2026-03-23,C070,古早味紅茶,2,25,50,內用
O00786,2026-03-23,C072,滷味拼盤,1,90,90,內用
O00786,2026-03-23,C072,滷味拼盤,1,90,90,外帶
O01358,2026-03-23,C118,古早味紅茶,1,25,25,外帶
O00578,2026-03-24,C056,燙青菜,1,45,45,外帶
O00578,2026-03-24,C056,燙青菜,1,45,45,外送平台
O00578,2026-03-24,C056,蚵仔麵線,2,65,130,外帶
O00643,2026-03-24,C064,滷味拼盤,1,90,90,外送平台
O00643,2026-03-24,C064,古早味紅茶,2,25,50,外帶
O00649,2026-03-24,C064,古早味紅茶,2,25,50,外帶
O01048,2026-03-24,C092,炭烤香腸,1,40,40,外帶
O01048,2026-03-24,C092,燙青菜,2,45,90,外帶
O00932,2026-03-25,C083,滷味拼盤,1,90,90,外送平台
O00941,2026-03-25,C083,滷味拼盤,1,90,90,外帶
O00941,2026-03-25,C083,麻油麵線,1,85,85,外帶
O00941,2026-03-25,C083,古早味紅茶,1,25,25,內用
O00115,2026-03-26,C014,炭烤香腸,1,40,40,外送平台
O00982,2026-03-26,C088,麻油麵線,1,85,85,外帶
O00982,2026-03-26,C088,燙青菜,1,45,45,內用
O01253,2026-03-27,C113,燙青菜,1,45,45,內用
O01253,2026-03-27,C113,滷味拼盤,1,90,90,外帶
O01253,2026-03-27,C113,古早味紅茶,1,25,25,外送平台
O01350,2026-03-27,C118,滷味拼盤,2,90,180,外送平台
O01350,2026-03-27,C118,蚵仔麵線,1,65,65,外送平台
O01549,2026-03-27,C136,麻油麵線,1,85,85,外送平台
O01561,2026-03-27,C136,滷味拼盤,1,90,90,外送平台
O01561,2026-03-27,C136,古早味紅茶,1,25,25,外帶
O00001,2026-03-28,C001,蚵仔麵線,1,65,65,外帶
O00001,2026-03-28,C001,炭烤香腸,1,40,40,外帶
O00001,2026-03-28,C001,炭烤香腸,1,40,40,外帶
O00400,2026-03-28,C041,炭烤香腸,1,40,40,外送平台
O00400,2026-03-28,C041,炭烤香腸,1,40,40,外帶
O00563,2026-03-28,C056,滷味拼盤,1,90,90,外帶
O00923,2026-03-28,C083,蚵仔麵線,1,65,65,內用
O01051,2026-03-28,C092,燙青菜,1,45,45,內用
O01051,2026-03-28,C092,蚵仔麵線,2,65,130,內用
O01129,2026-03-29,C104,炭烤香腸,1,40,40,內用
O01129,2026-03-29,C104,炭烤香腸,1,40,40,外帶
O01129,2026-03-29,C104,燙青菜,1,45,45,內用
O00247,2026-03-30,C026,麻油麵線,1,85,85,外帶
O00247,2026-03-30,C026,蚵仔麵線,1,65,65,內用
O00247,2026-03-30,C026,滷味拼盤,1,90,90,內用
O01380,2026-03-30,C120,滷味拼盤,2,90,180,外送平台
O01380,2026-03-30,C120,麻油麵線,1,85,85,外帶
O01380,2026-03-30,C120,古早味紅茶,1,25,25,內用
O01551,2026-03-30,C136,炭烤香腸,2,40,80,外帶
O01551,2026-03-30,C136,蚵仔麵線,2,65,130,外帶
O01551,2026-03-30,C136,麻油麵線,1,85,85,外送平台
O00799,2026-03-31,C072,燙青菜,1,45,45,內用
O00799,2026-03-31,C072,滷味拼盤,2,90,180,外帶
O00904,2026-03-31,C081,炭烤香腸,2,40,80,內用
O00904,2026-03-31,C081,麻油麵線,1,85,85,外帶
O00904,2026-03-31,C081,燙青菜,2,45,90,外送平台
O00933,2026-03-31,C083,燙青菜,1,45,45,外帶
O00106,2026-04-01,C014,古早味紅茶,1,25,25,外送平台
O00106,2026-04-01,C014,蚵仔麵線,1,65,65,內用
O00659,2026-04-01,C064,古早味紅茶,2,25,50,外帶
O00659,2026-04-01,C064,麻油麵線,2,85,170,外送平台
O00707,2026-04-01,C066,炭烤香腸,1,40,40,外送平台
O01072,2026-04-01,C095,古早味紅茶,1,25,25,內用
O01379,2026-04-01,C120,燙青菜,1,45,45,外送平台
O00363,2026-04-02,C034,滷味拼盤,1,90,90,外帶
O00363,2026-04-02,C034,蚵仔麵線,2,65,130,內用
O00556,2026-04-02,C056,麻油麵線,1,85,85,外帶
O01494,2026-04-02,C129,燙青菜,2,45,90,外帶
O01494,2026-04-02,C129,燙青菜,1,45,45,外帶
O00138,2026-04-03,C018,炭烤香腸,2,40,80,外帶
O00154,2026-04-03,C020,炭烤香腸,2,40,80,外帶
O00154,2026-04-03,C020,燙青菜,1,45,45,外送平台
O01498,2026-04-03,C130,古早味紅茶,1,25,25,內用
O01498,2026-04-03,C130,古早味紅茶,1,25,25,外帶
O00118,2026-04-04,C014,燙青菜,2,45,90,外帶
O01466,2026-04-04,C129,古早味紅茶,2,25,50,外帶
O00405,2026-04-05,C044,麻油麵線,1,85,85,外帶
O00406,2026-04-05,C044,蚵仔麵線,1,65,65,外送平台
O00411,2026-04-05,C044,燙青菜,1,45,45,內用
O00413,2026-04-05,C044,炭烤香腸,1,40,40,內用
O00413,2026-04-05,C044,炭烤香腸,1,40,40,內用
O00414,2026-04-05,C044,麻油麵線,2,85,170,外帶
O00415,2026-04-05,C044,蚵仔麵線,2,65,130,外帶
O00415,2026-04-05,C044,麻油麵線,2,85,170,外帶
O00415,2026-04-05,C044,古早味紅茶,1,25,25,外送平台
O00416,2026-04-05,C044,古早味紅茶,1,25,25,外送平台
O00416,2026-04-05,C044,古早味紅茶,1,25,25,外帶
O00417,2026-04-05,C044,蚵仔麵線,1,65,65,內用
O00417,2026-04-05,C044,燙青菜,1,45,45,外送平台
O00418,2026-04-05,C044,燙青菜,1,45,45,外送平台
O00418,2026-04-05,C044,滷味拼盤,1,90,90,外帶
O00418,2026-04-05,C044,炭烤香腸,1,40,40,外帶
O00419,2026-04-05,C044,燙青菜,1,45,45,內用
O00419,2026-04-05,C044,滷味拼盤,2,90,180,外送平台
O00420,2026-04-05,C044,麻油麵線,2,85,170,外帶
O00421,2026-04-05,C044,燙青菜,1,45,45,外帶
O00639,2026-04-05,C064,燙青菜,1,45,45,外帶
O00639,2026-04-05,C064,滷味拼盤,2,90,180,內用
O00639,2026-04-05,C064,麻油麵線,1,85,85,內用
O01372,2026-04-05,C120,燙青菜,2,45,90,內用
O00407,2026-04-06,C044,蚵仔麵線,1,65,65,外帶
O00407,2026-04-06,C044,麻油麵線,2,85,170,外送平台
O00408,2026-04-06,C044,滷味拼盤,2,90,180,外送平台
O00408,2026-04-06,C044,燙青菜,1,45,45,外帶
O00409,2026-04-06,C044,燙青菜,2,45,90,外帶
O00410,2026-04-06,C044,炭烤香腸,1,40,40,內用
O00412,2026-04-06,C044,蚵仔麵線,1,65,65,內用
O00412,2026-04-06,C044,蚵仔麵線,1,65,65,外送平台
O00412,2026-04-06,C044,滷味拼盤,1,90,90,外帶
O00642,2026-04-06,C064,滷味拼盤,1,90,90,內用
O00642,2026-04-06,C064,古早味紅茶,1,25,25,外帶
O00930,2026-04-06,C083,滷味拼盤,1,90,90,外帶
O00930,2026-04-06,C083,古早味紅茶,1,25,25,內用
O01055,2026-04-06,C092,古早味紅茶,2,25,50,內用
O01055,2026-04-06,C092,滷味拼盤,1,90,90,外帶
O01557,2026-04-06,C136,滷味拼盤,1,90,90,內用
O00399,2026-04-07,C040,燙青菜,2,45,90,外帶
O00399,2026-04-07,C040,古早味紅茶,1,25,25,外帶
O00769,2026-04-07,C070,麻油麵線,2,85,170,外帶
O00769,2026-04-07,C070,古早味紅茶,1,25,25,外送平台
O00769,2026-04-07,C070,燙青菜,2,45,90,內用
O00931,2026-04-07,C083,古早味紅茶,2,25,50,外帶
O01486,2026-04-08,C129,古早味紅茶,1,25,25,外帶
O01486,2026-04-08,C129,麻油麵線,2,85,170,外帶
O00530,2026-04-09,C051,蚵仔麵線,2,65,130,內用
O00530,2026-04-09,C051,炭烤香腸,1,40,40,外送平台
O00567,2026-04-09,C056,麻油麵線,2,85,170,外送平台
O00924,2026-04-09,C083,炭烤香腸,1,40,40,外送平台
O00924,2026-04-09,C083,滷味拼盤,1,90,90,外帶
O00971,2026-04-09,C088,燙青菜,1,45,45,外帶
O00971,2026-04-09,C088,麻油麵線,2,85,170,外帶
O00971,2026-04-09,C088,滷味拼盤,1,90,90,內用
O00575,2026-04-10,C056,炭烤香腸,2,40,80,外帶
O00600,2026-04-10,C059,炭烤香腸,2,40,80,外送平台
O01559,2026-04-10,C136,蚵仔麵線,1,65,65,內用
O01559,2026-04-10,C136,炭烤香腸,1,40,40,外送平台
O01559,2026-04-10,C136,滷味拼盤,1,90,90,外送平台
O00948,2026-04-11,C083,炭烤香腸,2,40,80,外帶
O01059,2026-04-11,C092,蚵仔麵線,1,65,65,外帶
O01473,2026-04-11,C129,炭烤香腸,1,40,40,外送平台
O01473,2026-04-11,C129,麻油麵線,1,85,85,外送平台
O01473,2026-04-11,C129,燙青菜,1,45,45,外送平台
O01495,2026-04-11,C129,滷味拼盤,1,90,90,內用
O01495,2026-04-11,C129,燙青菜,2,45,90,外帶
O01495,2026-04-11,C129,古早味紅茶,1,25,25,外送平台
O00604,2026-04-12,C059,燙青菜,1,45,45,外帶
O00604,2026-04-12,C059,炭烤香腸,1,40,40,外送平台
O00709,2026-04-12,C066,炭烤香腸,1,40,40,外帶
O00709,2026-04-12,C066,麻油麵線,1,85,85,外帶
O00709,2026-04-12,C066,蚵仔麵線,2,65,130,外帶
O00120,2026-04-13,C014,麻油麵線,2,85,170,外帶
O00631,2026-04-13,C064,燙青菜,1,45,45,外帶
O00631,2026-04-13,C064,蚵仔麵線,1,65,65,內用
O00764,2026-04-13,C070,蚵仔麵線,1,65,65,外帶
O01397,2026-04-13,C124,麻油麵線,2,85,170,外帶
O01397,2026-04-13,C124,炭烤香腸,1,40,40,外帶
O01467,2026-04-13,C129,麻油麵線,1,85,85,外送平台
O01467,2026-04-13,C129,麻油麵線,1,85,85,外帶
O01484,2026-04-13,C129,蚵仔麵線,1,65,65,內用
O01492,2026-04-13,C129,燙青菜,1,45,45,外帶
O01492,2026-04-13,C129,炭烤香腸,2,40,80,外帶
O01514,2026-04-13,C130,滷味拼盤,2,90,180,外帶
O00569,2026-04-14,C056,炭烤香腸,1,40,40,外帶
O00603,2026-04-14,C059,燙青菜,1,45,45,外帶
O00603,2026-04-14,C059,炭烤香腸,1,40,40,外帶
O00926,2026-04-14,C083,滷味拼盤,1,90,90,內用
O00926,2026-04-14,C083,滷味拼盤,1,90,90,內用
O00987,2026-04-14,C089,炭烤香腸,1,40,40,外帶
O00987,2026-04-14,C089,古早味紅茶,2,25,50,外帶
O00987,2026-04-14,C089,古早味紅茶,1,25,25,外帶
O01003,2026-04-14,C089,炭烤香腸,1,40,40,內用
O01003,2026-04-14,C089,燙青菜,1,45,45,內用
O01128,2026-04-14,C104,燙青菜,1,45,45,外送平台
O01128,2026-04-14,C104,滷味拼盤,2,90,180,外帶
O01128,2026-04-14,C104,麻油麵線,1,85,85,內用
O00105,2026-04-15,C014,滷味拼盤,1,90,90,內用
O00109,2026-04-15,C014,炭烤香腸,2,40,80,外帶
O00110,2026-04-15,C014,麻油麵線,2,85,170,外帶
O00110,2026-04-15,C014,滷味拼盤,2,90,180,內用
O00354,2026-04-15,C034,滷味拼盤,1,90,90,內用
O00354,2026-04-15,C034,滷味拼盤,1,90,90,內用
O00634,2026-04-15,C064,古早味紅茶,1,25,25,外帶
O00634,2026-04-15,C064,古早味紅茶,2,25,50,內用
O00634,2026-04-15,C064,麻油麵線,1,85,85,外帶
O00635,2026-04-15,C064,滷味拼盤,1,90,90,外送平台
O00772,2026-04-15,C070,古早味紅茶,1,25,25,外帶
O00772,2026-04-15,C070,燙青菜,2,45,90,內用
O00772,2026-04-15,C070,燙青菜,1,45,45,內用
O01002,2026-04-15,C089,蚵仔麵線,1,65,65,外送平台
O01002,2026-04-15,C089,古早味紅茶,1,25,25,內用
O01037,2026-04-15,C091,蚵仔麵線,2,65,130,外送平台
O00778,2026-04-16,C070,蚵仔麵線,1,65,65,外送平台
O00778,2026-04-16,C070,古早味紅茶,1,25,25,外帶
O00778,2026-04-16,C070,炭烤香腸,2,40,80,外帶
O00984,2026-04-16,C089,炭烤香腸,1,40,40,外送平台
O00984,2026-04-16,C089,蚵仔麵線,1,65,65,外帶
O00984,2026-04-16,C089,古早味紅茶,2,25,50,外帶
O00624,2026-04-17,C061,麻油麵線,2,85,170,外送平台
O00624,2026-04-17,C061,麻油麵線,1,85,85,內用
O00632,2026-04-17,C064,古早味紅茶,1,25,25,外送平台
O00632,2026-04-17,C064,燙青菜,1,45,45,外送平台
O00632,2026-04-17,C064,炭烤香腸,1,40,40,外帶
O01015,2026-04-17,C089,蚵仔麵線,1,65,65,外帶
O01032,2026-04-17,C091,炭烤香腸,2,40,80,內用
O00885,2026-04-18,C080,滷味拼盤,1,90,90,內用
O00885,2026-04-18,C080,古早味紅茶,2,25,50,外送平台
O00644,2026-04-19,C064,蚵仔麵線,1,65,65,外送平台
O01036,2026-04-19,C091,炭烤香腸,1,40,40,外送平台
O01060,2026-04-19,C092,蚵仔麵線,1,65,65,外帶
O01060,2026-04-19,C092,蚵仔麵線,1,65,65,外帶
O01118,2026-04-19,C104,炭烤香腸,2,40,80,外帶
O01150,2026-04-19,C107,古早味紅茶,2,25,50,內用
O01150,2026-04-19,C107,滷味拼盤,1,90,90,外帶
O01293,2026-04-20,C114,炭烤香腸,1,40,40,外送平台
O00505,2026-04-21,C050,麻油麵線,1,85,85,外帶
O00739,2026-04-21,C068,燙青菜,1,45,45,內用
O00655,2026-04-22,C064,古早味紅茶,1,25,25,內用
O00766,2026-04-22,C070,燙青菜,2,45,90,外送平台
O00766,2026-04-22,C070,麻油麵線,1,85,85,外送平台
O01067,2026-04-22,C095,滷味拼盤,1,90,90,外帶
O01076,2026-04-22,C096,炭烤香腸,1,40,40,外帶
O01485,2026-04-22,C129,炭烤香腸,1,40,40,外帶
O01531,2026-04-22,C133,炭烤香腸,2,40,80,外帶
O01531,2026-04-22,C133,古早味紅茶,2,25,50,外送平台
O00224,2026-04-23,C026,麻油麵線,1,85,85,外送平台
O00224,2026-04-23,C026,炭烤香腸,1,40,40,外送平台
O00710,2026-04-23,C066,滷味拼盤,2,90,180,外帶
O00710,2026-04-23,C066,麻油麵線,2,85,170,外帶
O00777,2026-04-23,C070,蚵仔麵線,1,65,65,外帶
O00777,2026-04-23,C070,麻油麵線,1,85,85,外送平台
O00993,2026-04-23,C089,麻油麵線,2,85,170,內用
O00993,2026-04-23,C089,燙青菜,1,45,45,外帶
O01608,2026-04-23,C140,燙青菜,1,45,45,內用
O01608,2026-04-23,C140,滷味拼盤,1,90,90,外帶
O01608,2026-04-23,C140,滷味拼盤,1,90,90,外帶
O01369,2026-04-24,C120,蚵仔麵線,1,65,65,外送平台
O01369,2026-04-24,C120,古早味紅茶,2,25,50,內用
O01487,2026-04-24,C129,炭烤香腸,1,40,40,內用
O01487,2026-04-24,C129,炭烤香腸,2,40,80,外帶
O00981,2026-04-25,C088,燙青菜,1,45,45,內用
O01010,2026-04-25,C089,燙青菜,1,45,45,外帶
O01192,2026-04-25,C110,炭烤香腸,1,40,40,內用
O00514,2026-04-26,C051,古早味紅茶,1,25,25,內用
O00602,2026-04-26,C059,麻油麵線,1,85,85,外帶
O00602,2026-04-26,C059,滷味拼盤,1,90,90,外帶
O00602,2026-04-26,C059,蚵仔麵線,2,65,130,外帶
O01472,2026-04-26,C129,滷味拼盤,2,90,180,外帶
O01472,2026-04-26,C129,古早味紅茶,2,25,50,內用
O01472,2026-04-26,C129,麻油麵線,2,85,170,內用
O00355,2026-04-27,C034,炭烤香腸,1,40,40,外帶
O00355,2026-04-27,C034,滷味拼盤,1,90,90,外帶
O00564,2026-04-27,C056,燙青菜,2,45,90,外帶
O01016,2026-04-27,C089,滷味拼盤,1,90,90,外帶
O00571,2026-04-28,C056,麻油麵線,2,85,170,外帶
O00571,2026-04-28,C056,燙青菜,1,45,45,外帶
O00572,2026-04-28,C056,炭烤香腸,1,40,40,外帶
O00572,2026-04-28,C056,蚵仔麵線,2,65,130,外帶
O00572,2026-04-28,C056,滷味拼盤,1,90,90,外帶
O00868,2026-04-28,C080,蚵仔麵線,1,65,65,外帶
O01426,2026-04-28,C126,蚵仔麵線,1,65,65,外送平台
O01426,2026-04-28,C126,蚵仔麵線,2,65,130,外帶
O01426,2026-04-28,C126,古早味紅茶,2,25,50,內用
O01471,2026-04-28,C129,蚵仔麵線,1,65,65,外送平台
O01471,2026-04-28,C129,古早味紅茶,2,25,50,外帶
O00027,2026-04-29,C006,蚵仔麵線,1,65,65,外帶
O00027,2026-04-29,C006,燙青菜,1,45,45,外帶
O00027,2026-04-29,C006,炭烤香腸,1,40,40,外帶
O00249,2026-04-29,C026,麻油麵線,1,85,85,內用
O00838,2026-04-29,C077,燙青菜,1,45,45,外帶
O00838,2026-04-29,C077,蚵仔麵線,1,65,65,外帶
O00657,2026-04-30,C064,滷味拼盤,1,90,90,外送平台
O00657,2026-04-30,C064,蚵仔麵線,1,65,65,內用
O01213,2026-04-30,C111,滷味拼盤,1,90,90,外帶
O01213,2026-04-30,C111,古早味紅茶,1,25,25,外帶
O00104,2026-05-01,C014,麻油麵線,1,85,85,外送平台
O00104,2026-05-01,C014,炭烤香腸,1,40,40,外帶
O00598,2026-05-01,C059,古早味紅茶,1,25,25,外帶
O00839,2026-05-01,C077,蚵仔麵線,1,65,65,外帶
O00839,2026-05-01,C077,麻油麵線,1,85,85,外帶
O00839,2026-05-01,C077,蚵仔麵線,1,65,65,外帶
O01281,2026-05-01,C114,麻油麵線,2,85,170,內用
O01281,2026-05-01,C114,麻油麵線,1,85,85,外帶
O00117,2026-05-02,C014,蚵仔麵線,1,65,65,外帶
O00117,2026-05-02,C014,麻油麵線,2,85,170,內用
O00117,2026-05-02,C014,燙青菜,1,45,45,外送平台
O00243,2026-05-02,C026,古早味紅茶,1,25,25,內用
O00633,2026-05-02,C064,燙青菜,1,45,45,外帶
O00740,2026-05-02,C068,燙青菜,1,45,45,外帶
O00743,2026-05-02,C068,燙青菜,1,45,45,外帶
O00743,2026-05-02,C068,燙青菜,1,45,45,外送平台
O00784,2026-05-02,C072,古早味紅茶,1,25,25,內用
O01005,2026-05-02,C089,炭烤香腸,1,40,40,外帶
O01005,2026-05-02,C089,蚵仔麵線,2,65,130,外帶
O01175,2026-05-02,C109,蚵仔麵線,1,65,65,內用
O01175,2026-05-02,C109,古早味紅茶,1,25,25,內用
O01270,2026-05-02,C114,滷味拼盤,1,90,90,外帶
O01270,2026-05-02,C114,滷味拼盤,1,90,90,外帶
O01270,2026-05-02,C114,古早味紅茶,1,25,25,內用
O01294,2026-05-03,C115,炭烤香腸,1,40,40,外帶
O01294,2026-05-03,C115,麻油麵線,1,85,85,外帶
O00621,2026-05-04,C060,燙青菜,1,45,45,外帶
O00621,2026-05-04,C060,古早味紅茶,1,25,25,外帶
O01254,2026-05-04,C113,滷味拼盤,1,90,90,外帶
O01254,2026-05-04,C113,古早味紅茶,1,25,25,外帶
O01368,2026-05-04,C120,滷味拼盤,1,90,90,外帶
O01368,2026-05-04,C120,炭烤香腸,1,40,40,內用
O00493,2026-05-05,C050,古早味紅茶,1,25,25,內用
O00493,2026-05-05,C050,燙青菜,1,45,45,外帶
O00829,2026-05-05,C075,炭烤香腸,1,40,40,外帶
O00829,2026-05-05,C075,炭烤香腸,1,40,40,內用
O00829,2026-05-05,C075,炭烤香腸,1,40,40,外送平台
O00861,2026-05-06,C079,燙青菜,1,45,45,外送平台
O00238,2026-05-07,C026,滷味拼盤,1,90,90,內用
O00526,2026-05-07,C051,炭烤香腸,1,40,40,外送平台
O00581,2026-05-07,C056,滷味拼盤,2,90,180,外送平台
O00581,2026-05-07,C056,滷味拼盤,1,90,90,外帶
O00581,2026-05-07,C056,蚵仔麵線,2,65,130,內用
O00774,2026-05-07,C070,麻油麵線,1,85,85,外帶
O00969,2026-05-07,C088,滷味拼盤,1,90,90,內用
O01115,2026-05-07,C102,古早味紅茶,1,25,25,內用
O01187,2026-05-07,C110,燙青菜,1,45,45,外帶
O01187,2026-05-07,C110,炭烤香腸,2,40,80,外帶
O00100,2026-05-09,C013,燙青菜,2,45,90,外帶
O00100,2026-05-09,C013,蚵仔麵線,1,65,65,內用
O00100,2026-05-09,C013,炭烤香腸,2,40,80,外帶
O00395,2026-05-09,C038,蚵仔麵線,2,65,130,外帶
O00395,2026-05-09,C038,燙青菜,1,45,45,外送平台
O01216,2026-05-10,C112,炭烤香腸,1,40,40,內用
O01217,2026-05-10,C112,燙青菜,1,45,45,外帶
O01219,2026-05-10,C112,蚵仔麵線,1,65,65,內用
O01219,2026-05-10,C112,燙青菜,2,45,90,外帶
O01219,2026-05-10,C112,麻油麵線,2,85,170,外帶
O01220,2026-05-10,C112,炭烤香腸,2,40,80,外帶
O01220,2026-05-10,C112,滷味拼盤,1,90,90,內用
O01224,2026-05-10,C112,滷味拼盤,1,90,90,內用
O01224,2026-05-10,C112,古早味紅茶,1,25,25,內用
O01225,2026-05-10,C112,麻油麵線,1,85,85,外帶
O01227,2026-05-10,C112,燙青菜,1,45,45,外帶
O01227,2026-05-10,C112,燙青菜,1,45,45,外帶
O01230,2026-05-10,C112,滷味拼盤,1,90,90,外送平台
O01230,2026-05-10,C112,燙青菜,1,45,45,外帶
O01230,2026-05-10,C112,燙青菜,2,45,90,外帶
O01371,2026-05-10,C120,燙青菜,1,45,45,外帶
O01371,2026-05-10,C120,滷味拼盤,1,90,90,外帶
O00584,2026-05-11,C056,古早味紅茶,1,25,25,內用
O00584,2026-05-11,C056,古早味紅茶,1,25,25,外帶
O00625,2026-05-11,C062,滷味拼盤,1,90,90,外送平台
O00625,2026-05-11,C062,燙青菜,2,45,90,內用
O00625,2026-05-11,C062,滷味拼盤,1,90,90,內用
O00836,2026-05-11,C075,蚵仔麵線,1,65,65,外帶
O00836,2026-05-11,C075,古早味紅茶,1,25,25,內用
O00995,2026-05-11,C089,蚵仔麵線,2,65,130,外帶
O01218,2026-05-11,C112,古早味紅茶,1,25,25,外送平台
O01221,2026-05-11,C112,蚵仔麵線,1,65,65,內用
O01222,2026-05-11,C112,古早味紅茶,2,25,50,外帶
O01222,2026-05-11,C112,滷味拼盤,1,90,90,外帶
O01222,2026-05-11,C112,蚵仔麵線,1,65,65,外送平台
O01223,2026-05-11,C112,古早味紅茶,1,25,25,外送平台
O01223,2026-05-11,C112,滷味拼盤,1,90,90,外帶
O01226,2026-05-11,C112,古早味紅茶,2,25,50,外帶
O01226,2026-05-11,C112,燙青菜,1,45,45,外送平台
O01228,2026-05-11,C112,炭烤香腸,1,40,40,外送平台
O01228,2026-05-11,C112,滷味拼盤,1,90,90,外帶
O01229,2026-05-11,C112,古早味紅茶,1,25,25,外送平台
O01229,2026-05-11,C112,古早味紅茶,1,25,25,外送平台
O01229,2026-05-11,C112,炭烤香腸,1,40,40,外送平台
O01231,2026-05-11,C112,炭烤香腸,1,40,40,外帶
O01231,2026-05-11,C112,滷味拼盤,1,90,90,內用
O01387,2026-05-11,C122,古早味紅茶,2,25,50,外帶
O01387,2026-05-11,C122,麻油麵線,2,85,170,外帶
O01387,2026-05-11,C122,燙青菜,1,45,45,外帶
O01427,2026-05-11,C126,滷味拼盤,2,90,180,外帶
O01444,2026-05-11,C128,古早味紅茶,1,25,25,外送平台
O01255,2026-05-12,C113,滷味拼盤,1,90,90,外帶
O01255,2026-05-12,C113,燙青菜,1,45,45,外帶
O01567,2026-05-12,C136,麻油麵線,1,85,85,外帶
O00245,2026-05-13,C026,古早味紅茶,1,25,25,外帶
O00245,2026-05-13,C026,古早味紅茶,2,25,50,外送平台
O00619,2026-05-13,C059,滷味拼盤,1,90,90,外送平台
O01543,2026-05-13,C136,炭烤香腸,1,40,40,外帶
O01543,2026-05-13,C136,滷味拼盤,1,90,90,外帶
O01543,2026-05-13,C136,燙青菜,1,45,45,外送平台
O00579,2026-05-14,C056,麻油麵線,2,85,170,外帶
O00752,2026-05-14,C068,炭烤香腸,1,40,40,外送平台
O00752,2026-05-14,C068,滷味拼盤,2,90,180,外送平台
O00771,2026-05-14,C070,滷味拼盤,1,90,90,外送平台
O00886,2026-05-14,C080,炭烤香腸,1,40,40,外送平台
O01428,2026-05-14,C126,古早味紅茶,1,25,25,外帶
O01428,2026-05-14,C126,古早味紅茶,1,25,25,外帶
O01428,2026-05-14,C126,麻油麵線,2,85,170,外帶
O00053,2026-05-15,C010,古早味紅茶,2,25,50,外帶
O00053,2026-05-15,C010,麻油麵線,1,85,85,外送平台
O00053,2026-05-15,C010,燙青菜,1,45,45,外送平台
O00236,2026-05-15,C026,蚵仔麵線,2,65,130,外送平台
O00236,2026-05-15,C026,蚵仔麵線,1,65,65,外帶
O00601,2026-05-15,C059,燙青菜,1,45,45,外送平台
O00601,2026-05-15,C059,燙青菜,2,45,90,內用
O00698,2026-05-15,C066,炭烤香腸,1,40,40,外帶
O00698,2026-05-15,C066,麻油麵線,1,85,85,外送平台
O00832,2026-05-15,C075,麻油麵線,2,85,170,外帶
O00920,2026-05-15,C083,炭烤香腸,2,40,80,外送平台
O00938,2026-05-15,C083,滷味拼盤,1,90,90,外帶
O00232,2026-05-16,C026,蚵仔麵線,1,65,65,外帶
O00232,2026-05-16,C026,古早味紅茶,1,25,25,外送平台
O00525,2026-05-16,C051,燙青菜,1,45,45,外送平台
O00525,2026-05-16,C051,古早味紅茶,2,25,50,外送平台
O00662,2026-05-16,C064,蚵仔麵線,2,65,130,外帶
O00662,2026-05-16,C064,蚵仔麵線,2,65,130,外送平台
O00706,2026-05-16,C066,蚵仔麵線,2,65,130,外帶
O00706,2026-05-16,C066,古早味紅茶,2,25,50,外帶
O00706,2026-05-16,C066,古早味紅茶,2,25,50,外帶
O01183,2026-05-16,C109,燙青菜,1,45,45,外帶
O01183,2026-05-16,C109,燙青菜,1,45,45,外帶
O01248,2026-05-16,C113,蚵仔麵線,2,65,130,內用
O00188,2026-05-17,C023,燙青菜,1,45,45,內用
O00188,2026-05-17,C023,蚵仔麵線,2,65,130,內用
O00618,2026-05-17,C059,蚵仔麵線,1,65,65,外送平台
O00618,2026-05-17,C059,古早味紅茶,1,25,25,外帶
O00883,2026-05-17,C080,古早味紅茶,1,25,25,外帶
O01007,2026-05-17,C089,燙青菜,2,45,90,外帶
O00882,2026-05-18,C080,蚵仔麵線,1,65,65,內用
O00882,2026-05-18,C080,蚵仔麵線,2,65,130,外帶
O01451,2026-05-18,C128,古早味紅茶,1,25,25,外帶
O00056,2026-05-19,C010,麻油麵線,2,85,170,外送平台
O00056,2026-05-19,C010,炭烤香腸,1,40,40,外送平台
O00153,2026-05-19,C020,燙青菜,1,45,45,外帶
O00153,2026-05-19,C020,炭烤香腸,2,40,80,內用
O00359,2026-05-19,C034,炭烤香腸,1,40,40,外送平台
O00596,2026-05-19,C059,滷味拼盤,1,90,90,外帶
O00612,2026-05-19,C059,麻油麵線,1,85,85,外帶
O01188,2026-05-19,C110,炭烤香腸,2,40,80,外送平台
O00927,2026-05-20,C083,燙青菜,1,45,45,外送平台
O01482,2026-05-20,C129,滷味拼盤,1,90,90,外帶
O01552,2026-05-20,C136,炭烤香腸,2,40,80,外帶
O01552,2026-05-20,C136,炭烤香腸,1,40,40,外帶
O01594,2026-05-20,C139,炭烤香腸,2,40,80,外帶
O00990,2026-05-21,C089,麻油麵線,1,85,85,外帶
O00990,2026-05-21,C089,炭烤香腸,2,40,80,外帶
O01476,2026-05-21,C129,麻油麵線,1,85,85,外帶
O01476,2026-05-21,C129,麻油麵線,2,85,170,內用
O01524,2026-05-21,C133,滷味拼盤,1,90,90,內用
O01528,2026-05-21,C133,蚵仔麵線,2,65,130,外送平台
O00057,2026-05-22,C010,蚵仔麵線,1,65,65,內用
O00057,2026-05-22,C010,燙青菜,1,45,45,內用
O00066,2026-05-22,C010,麻油麵線,1,85,85,外帶
O00288,2026-05-22,C031,燙青菜,1,45,45,內用
O00288,2026-05-22,C031,滷味拼盤,1,90,90,外帶
O00515,2026-05-22,C051,麻油麵線,1,85,85,內用
O00555,2026-05-22,C056,麻油麵線,1,85,85,外帶
O00555,2026-05-22,C056,炭烤香腸,1,40,40,內用
O00751,2026-05-22,C068,麻油麵線,1,85,85,外帶
O00986,2026-05-22,C089,古早味紅茶,1,25,25,外送平台
O00986,2026-05-22,C089,麻油麵線,1,85,85,外帶
O00986,2026-05-22,C089,炭烤香腸,1,40,40,內用
O01061,2026-05-22,C092,滷味拼盤,1,90,90,外帶
O01061,2026-05-22,C092,滷味拼盤,2,90,180,外帶
O01127,2026-05-22,C104,蚵仔麵線,1,65,65,外送平台
O01127,2026-05-22,C104,蚵仔麵線,2,65,130,外帶
O01184,2026-05-22,C110,炭烤香腸,1,40,40,外帶
O01184,2026-05-22,C110,滷味拼盤,1,90,90,外帶
O01184,2026-05-22,C110,蚵仔麵線,1,65,65,外帶
O01452,2026-05-22,C128,燙青菜,1,45,45,內用
O01501,2026-05-22,C130,麻油麵線,1,85,85,外帶
O01501,2026-05-22,C130,蚵仔麵線,1,65,65,外帶
O00062,2026-05-23,C010,燙青菜,1,45,45,外帶
O00067,2026-05-23,C010,滷味拼盤,1,90,90,外送平台
O00067,2026-05-23,C010,麻油麵線,2,85,170,外帶
O00292,2026-05-23,C031,麻油麵線,1,85,85,外帶
O00292,2026-05-23,C031,滷味拼盤,1,90,90,外帶
O00293,2026-05-23,C031,滷味拼盤,1,90,90,外送平台
O01065,2026-05-23,C094,古早味紅茶,1,25,25,外帶
O01065,2026-05-23,C094,炭烤香腸,1,40,40,外帶
O00028,2026-05-24,C006,蚵仔麵線,1,65,65,外帶
O00065,2026-05-24,C010,麻油麵線,1,85,85,外帶
O00516,2026-05-24,C051,麻油麵線,1,85,85,外帶
O00516,2026-05-24,C051,燙青菜,1,45,45,外帶
O00583,2026-05-24,C056,蚵仔麵線,1,65,65,外送平台
O00583,2026-05-24,C056,古早味紅茶,1,25,25,外帶
O01180,2026-05-24,C109,滷味拼盤,1,90,90,內用
O01180,2026-05-24,C109,蚵仔麵線,2,65,130,外送平台
O01245,2026-05-24,C113,炭烤香腸,1,40,40,內用
O01459,2026-05-24,C128,燙青菜,2,45,90,外送平台
O01459,2026-05-24,C128,燙青菜,2,45,90,外帶
O01469,2026-05-24,C129,滷味拼盤,1,90,90,外帶
O01469,2026-05-24,C129,滷味拼盤,1,90,90,內用
O01547,2026-05-24,C136,炭烤香腸,1,40,40,內用
O00298,2026-05-25,C031,滷味拼盤,1,90,90,內用
O00298,2026-05-25,C031,蚵仔麵線,1,65,65,外帶
O00301,2026-05-25,C031,炭烤香腸,1,40,40,內用
O00301,2026-05-25,C031,炭烤香腸,1,40,40,外送平台
O01004,2026-05-25,C089,燙青菜,1,45,45,外送平台
O01456,2026-05-25,C128,蚵仔麵線,2,65,130,外帶
O01601,2026-05-25,C140,燙青菜,1,45,45,內用
O00012,2026-05-26,C003,燙青菜,2,45,90,外帶
O00012,2026-05-26,C003,滷味拼盤,1,90,90,外帶
O00058,2026-05-26,C010,古早味紅茶,1,25,25,外送平台
O00069,2026-05-26,C010,炭烤香腸,2,40,80,外送平台
O00069,2026-05-26,C010,滷味拼盤,1,90,90,外帶
O00069,2026-05-26,C010,蚵仔麵線,1,65,65,外帶
O00806,2026-05-26,C072,麻油麵線,1,85,85,外帶
O00806,2026-05-26,C072,古早味紅茶,1,25,25,內用
O01529,2026-05-26,C133,炭烤香腸,1,40,40,外送平台
O01529,2026-05-26,C133,滷味拼盤,1,90,90,外送平台
O01529,2026-05-26,C133,滷味拼盤,2,90,180,內用
O00276,2026-05-27,C031,麻油麵線,1,85,85,外送平台
O00283,2026-05-27,C031,燙青菜,1,45,45,外帶
O00996,2026-05-27,C089,古早味紅茶,2,25,50,內用
O01121,2026-05-27,C104,蚵仔麵線,1,65,65,內用
O01460,2026-05-27,C128,燙青菜,2,45,90,外帶
O00393,2026-05-28,C037,麻油麵線,1,85,85,外帶
O00599,2026-05-28,C059,麻油麵線,1,85,85,外送平台
O00599,2026-05-28,C059,燙青菜,1,45,45,外送平台
O00599,2026-05-28,C059,蚵仔麵線,1,65,65,內用
O00652,2026-05-28,C064,燙青菜,1,45,45,外帶
O00652,2026-05-28,C064,蚵仔麵線,1,65,65,外帶
O00711,2026-05-28,C066,古早味紅茶,1,25,25,外帶
O01288,2026-05-28,C114,滷味拼盤,1,90,90,內用
O01288,2026-05-28,C114,古早味紅茶,1,25,25,外帶
O01288,2026-05-28,C114,古早味紅茶,1,25,25,內用
O00874,2026-05-29,C080,古早味紅茶,1,25,25,外送平台
O01000,2026-05-29,C089,炭烤香腸,1,40,40,外送平台
O01017,2026-05-29,C089,滷味拼盤,1,90,90,內用
O01017,2026-05-29,C089,炭烤香腸,1,40,40,外送平台
O01117,2026-05-29,C103,麻油麵線,1,85,85,外帶
O01384,2026-05-29,C122,炭烤香腸,1,40,40,外送平台
O01384,2026-05-29,C122,蚵仔麵線,1,65,65,外送平台
O01511,2026-05-29,C130,麻油麵線,1,85,85,外帶
O00068,2026-05-30,C010,古早味紅茶,1,25,25,內用
O00658,2026-05-30,C064,古早味紅茶,1,25,25,外帶
O00925,2026-05-30,C083,麻油麵線,1,85,85,外帶
O00925,2026-05-30,C083,炭烤香腸,1,40,40,外帶
O00925,2026-05-30,C083,蚵仔麵線,1,65,65,內用
O00999,2026-05-30,C089,滷味拼盤,2,90,180,外帶
O00999,2026-05-30,C089,古早味紅茶,1,25,25,外送平台
O01009,2026-05-30,C089,燙青菜,1,45,45,外帶
O01499,2026-05-30,C130,麻油麵線,1,85,85,內用
O00124,2026-05-31,C015,燙青菜,1,45,45,外帶
O00124,2026-05-31,C015,滷味拼盤,1,90,90,外送平台
O00550,2026-05-31,C054,滷味拼盤,1,90,90,外帶
O00550,2026-05-31,C054,古早味紅茶,1,25,25,外帶
O00550,2026-05-31,C054,麻油麵線,1,85,85,外送平台
O00957,2026-05-31,C085,滷味拼盤,2,90,180,內用
O00957,2026-05-31,C085,滷味拼盤,1,90,90,外帶
O00958,2026-05-31,C085,炭烤香腸,1,40,40,外帶
O00958,2026-05-31,C085,蚵仔麵線,2,65,130,外送平台
O00960,2026-05-31,C085,麻油麵線,1,85,85,內用
O00960,2026-05-31,C085,燙青菜,2,45,90,外帶
O00962,2026-05-31,C085,古早味紅茶,1,25,25,外送平台
O00962,2026-05-31,C085,古早味紅茶,1,25,25,外帶
O00964,2026-05-31,C085,蚵仔麵線,1,65,65,外送平台
O00964,2026-05-31,C085,炭烤香腸,1,40,40,外帶
O00964,2026-05-31,C085,滷味拼盤,1,90,90,外送平台
O00699,2026-06-01,C066,滷味拼盤,1,90,90,外送平台
O00952,2026-06-01,C084,蚵仔麵線,1,65,65,外帶
O00952,2026-06-01,C084,蚵仔麵線,1,65,65,外送平台
O00954,2026-06-01,C085,古早味紅茶,1,25,25,外帶
O00954,2026-06-01,C085,滷味拼盤,1,90,90,外帶
O00954,2026-06-01,C085,古早味紅茶,1,25,25,內用
O00955,2026-06-01,C085,蚵仔麵線,1,65,65,外帶
O00956,2026-06-01,C085,麻油麵線,2,85,170,內用
O00956,2026-06-01,C085,炭烤香腸,1,40,40,外帶
O00959,2026-06-01,C085,炭烤香腸,1,40,40,內用
O00961,2026-06-01,C085,滷味拼盤,2,90,180,外帶
O00961,2026-06-01,C085,滷味拼盤,1,90,90,外帶
O00961,2026-06-01,C085,古早味紅茶,2,25,50,外送平台
O00963,2026-06-01,C085,古早味紅茶,1,25,25,外帶
O00963,2026-06-01,C085,滷味拼盤,1,90,90,外帶
O01461,2026-06-01,C128,燙青菜,2,45,90,外送平台
O01461,2026-06-01,C128,燙青菜,1,45,45,外送平台
O01481,2026-06-01,C129,蚵仔麵線,2,65,130,外帶
O00063,2026-06-03,C010,蚵仔麵線,1,65,65,外帶
O00650,2026-06-04,C064,麻油麵線,1,85,85,外送平台
O00650,2026-06-04,C064,滷味拼盤,1,90,90,外送平台
O00650,2026-06-04,C064,古早味紅茶,1,25,25,外帶
O00701,2026-06-04,C066,古早味紅茶,2,25,50,外帶
O00701,2026-06-04,C066,麻油麵線,1,85,85,外送平台
O00870,2026-06-04,C080,麻油麵線,1,85,85,外帶
O01360,2026-06-04,C118,燙青菜,1,45,45,外送平台
O01360,2026-06-04,C118,蚵仔麵線,1,65,65,內用
O01360,2026-06-04,C118,麻油麵線,1,85,85,外送平台
O01474,2026-06-05,C129,麻油麵線,1,85,85,外送平台
O01474,2026-06-05,C129,古早味紅茶,2,25,50,外送平台
O00574,2026-06-06,C056,麻油麵線,2,85,170,外帶
O00574,2026-06-06,C056,蚵仔麵線,2,65,130,外帶
O00976,2026-06-06,C088,燙青菜,1,45,45,外送平台
O00976,2026-06-06,C088,蚵仔麵線,1,65,65,內用
O00976,2026-06-06,C088,燙青菜,1,45,45,外送平台
O01425,2026-06-06,C125,麻油麵線,2,85,170,外帶
O01425,2026-06-06,C125,炭烤香腸,1,40,40,內用
O01448,2026-06-06,C128,燙青菜,2,45,90,外送平台
O01448,2026-06-06,C128,古早味紅茶,1,25,25,內用
O00312,2026-06-07,C032,燙青菜,1,45,45,外帶
O00335,2026-06-07,C032,古早味紅茶,2,25,50,外送平台
O00335,2026-06-07,C032,滷味拼盤,1,90,90,外帶
O00335,2026-06-07,C032,古早味紅茶,1,25,25,內用
O00919,2026-06-07,C083,炭烤香腸,2,40,80,外送平台
O00919,2026-06-07,C083,麻油麵線,1,85,85,外帶
O00919,2026-06-07,C083,古早味紅茶,1,25,25,內用
O01191,2026-06-07,C110,古早味紅茶,2,25,50,內用
O01291,2026-06-07,C114,麻油麵線,2,85,170,外帶
O01291,2026-06-07,C114,燙青菜,1,45,45,內用
O00524,2026-06-08,C051,燙青菜,1,45,45,外帶
O00532,2026-06-08,C051,蚵仔麵線,1,65,65,外送平台
O00532,2026-06-08,C051,燙青菜,1,45,45,外帶
O00548,2026-06-08,C053,滷味拼盤,2,90,180,外帶
O01152,2026-06-08,C107,滷味拼盤,1,90,90,外送平台
O01523,2026-06-08,C133,蚵仔麵線,1,65,65,外帶
O01523,2026-06-08,C133,滷味拼盤,1,90,90,外帶
O01544,2026-06-08,C136,古早味紅茶,1,25,25,外送平台
O01544,2026-06-08,C136,滷味拼盤,1,90,90,外帶
O00613,2026-06-09,C059,滷味拼盤,2,90,180,外送平台
O00620,2026-06-09,C059,蚵仔麵線,1,65,65,外送平台
O00967,2026-06-09,C086,古早味紅茶,1,25,25,外帶
O00967,2026-06-09,C086,蚵仔麵線,1,65,65,外送平台
O00967,2026-06-09,C086,滷味拼盤,1,90,90,內用
O01468,2026-06-09,C129,古早味紅茶,1,25,25,外帶
O01468,2026-06-09,C129,燙青菜,2,45,90,外帶
O01518,2026-06-09,C131,炭烤香腸,1,40,40,內用
O01518,2026-06-09,C131,蚵仔麵線,1,65,65,外送平台
O00060,2026-06-10,C010,燙青菜,1,45,45,外送平台
O00329,2026-06-10,C032,滷味拼盤,1,90,90,內用
O00342,2026-06-10,C033,古早味紅茶,1,25,25,外帶
O00345,2026-06-10,C033,蚵仔麵線,1,65,65,外送平台
O00347,2026-06-10,C033,古早味紅茶,1,25,25,外送平台
O00347,2026-06-10,C033,麻油麵線,1,85,85,外送平台
O00349,2026-06-10,C033,麻油麵線,1,85,85,外帶
O00610,2026-06-10,C059,滷味拼盤,1,90,90,外帶
O00610,2026-06-10,C059,麻油麵線,1,85,85,內用
O00989,2026-06-10,C089,燙青菜,1,45,45,外帶
O00989,2026-06-10,C089,燙青菜,1,45,45,內用
O01211,2026-06-10,C111,滷味拼盤,1,90,90,內用
O01211,2026-06-10,C111,炭烤香腸,1,40,40,外送平台
O01211,2026-06-10,C111,蚵仔麵線,1,65,65,外帶
O01351,2026-06-10,C118,古早味紅茶,1,25,25,外送平台
O01400,2026-06-10,C125,燙青菜,2,45,90,外送平台
O01413,2026-06-10,C125,麻油麵線,2,85,170,內用
O01413,2026-06-10,C125,古早味紅茶,1,25,25,外帶
O01441,2026-06-10,C128,古早味紅茶,2,25,50,外送平台
O00055,2026-06-11,C010,滷味拼盤,2,90,180,外帶
O00315,2026-06-11,C032,炭烤香腸,1,40,40,外帶
O00315,2026-06-11,C032,燙青菜,1,45,45,內用
O00319,2026-06-11,C032,古早味紅茶,1,25,25,外帶
O00319,2026-06-11,C032,古早味紅茶,2,25,50,內用
O00322,2026-06-11,C032,蚵仔麵線,1,65,65,外帶
O00322,2026-06-11,C032,麻油麵線,1,85,85,內用
O00330,2026-06-11,C032,滷味拼盤,2,90,180,外帶
O00330,2026-06-11,C032,炭烤香腸,1,40,40,外帶
O00341,2026-06-11,C033,蚵仔麵線,2,65,130,內用
O00341,2026-06-11,C033,蚵仔麵線,2,65,130,外送平台
O00343,2026-06-11,C033,燙青菜,1,45,45,外帶
O00344,2026-06-11,C033,麻油麵線,1,85,85,外帶
O00346,2026-06-11,C033,蚵仔麵線,1,65,65,內用
O00346,2026-06-11,C033,滷味拼盤,1,90,90,外帶
O00346,2026-06-11,C033,蚵仔麵線,1,65,65,外帶
O00348,2026-06-11,C033,炭烤香腸,1,40,40,外帶
O00348,2026-06-11,C033,蚵仔麵線,1,65,65,外帶
O00565,2026-06-11,C056,炭烤香腸,1,40,40,內用
O00608,2026-06-11,C059,蚵仔麵線,2,65,130,外送平台
O00608,2026-06-11,C059,燙青菜,1,45,45,外送平台
O00616,2026-06-11,C059,古早味紅茶,1,25,25,外帶
O00616,2026-06-11,C059,古早味紅茶,1,25,25,內用
O00616,2026-06-11,C059,麻油麵線,1,85,85,外帶
O00780,2026-06-11,C070,蚵仔麵線,2,65,130,外送平台
O00953,2026-06-11,C084,蚵仔麵線,1,65,65,內用
O00052,2026-06-12,C010,滷味拼盤,2,90,180,外帶
O00061,2026-06-12,C010,麻油麵線,2,85,170,外送平台
O00061,2026-06-12,C010,古早味紅茶,1,25,25,外送平台
O00061,2026-06-12,C010,炭烤香腸,2,40,80,外帶
O00696,2026-06-12,C066,滷味拼盤,1,90,90,外帶
O00696,2026-06-12,C066,古早味紅茶,1,25,25,外帶
O00054,2026-06-13,C010,蚵仔麵線,2,65,130,內用
O00156,2026-06-13,C021,蚵仔麵線,1,65,65,外送平台
O00156,2026-06-13,C021,滷味拼盤,1,90,90,外帶
O00294,2026-06-13,C031,古早味紅茶,1,25,25,外送平台
O00294,2026-06-13,C031,蚵仔麵線,1,65,65,外帶
O00364,2026-06-14,C034,麻油麵線,1,85,85,外送平台
O00364,2026-06-14,C034,燙青菜,1,45,45,外送平台
O00573,2026-06-14,C056,炭烤香腸,2,40,80,外帶
O00821,2026-06-14,C075,麻油麵線,1,85,85,外送平台
O00821,2026-06-14,C075,炭烤香腸,1,40,40,外帶
O00821,2026-06-14,C075,古早味紅茶,1,25,25,內用
O00991,2026-06-14,C089,炭烤香腸,1,40,40,外送平台
O00991,2026-06-14,C089,麻油麵線,2,85,170,外送平台
O00991,2026-06-14,C089,蚵仔麵線,1,65,65,外帶
O01402,2026-06-14,C125,燙青菜,2,45,90,外送平台
O00205,2026-06-15,C025,燙青菜,1,45,45,外帶
O00205,2026-06-15,C025,燙青菜,2,45,90,外帶
O00206,2026-06-15,C025,燙青菜,1,45,45,外帶
O00207,2026-06-15,C025,炭烤香腸,1,40,40,外帶
O00207,2026-06-15,C025,麻油麵線,1,85,85,外帶
O00210,2026-06-15,C025,滷味拼盤,1,90,90,外帶
O00210,2026-06-15,C025,滷味拼盤,1,90,90,外帶
O00211,2026-06-15,C025,炭烤香腸,2,40,80,外帶
O00211,2026-06-15,C025,燙青菜,1,45,45,外帶
O00212,2026-06-15,C025,炭烤香腸,1,40,40,外帶
O00213,2026-06-15,C025,炭烤香腸,2,40,80,外帶
O00213,2026-06-15,C025,蚵仔麵線,1,65,65,外帶
O00215,2026-06-15,C025,炭烤香腸,1,40,40,外帶
O00217,2026-06-15,C025,麻油麵線,1,85,85,內用
O00218,2026-06-15,C025,滷味拼盤,1,90,90,外帶
O00219,2026-06-15,C025,燙青菜,1,45,45,外帶
O00220,2026-06-15,C025,古早味紅茶,1,25,25,外送平台
O00220,2026-06-15,C025,古早味紅茶,1,25,25,外帶
O00221,2026-06-15,C025,滷味拼盤,2,90,180,內用
O00221,2026-06-15,C025,燙青菜,1,45,45,外帶
O00222,2026-06-15,C025,蚵仔麵線,2,65,130,內用
O01014,2026-06-15,C089,燙青菜,1,45,45,內用
O01014,2026-06-15,C089,滷味拼盤,1,90,90,外帶
O01166,2026-06-15,C109,麻油麵線,1,85,85,外帶
O01205,2026-06-15,C111,古早味紅茶,1,25,25,外帶
O01282,2026-06-15,C114,燙青菜,2,45,90,外送平台
O01282,2026-06-15,C114,燙青菜,1,45,45,內用
O01548,2026-06-15,C136,古早味紅茶,1,25,25,內用
O01548,2026-06-15,C136,麻油麵線,2,85,170,外送平台
O00208,2026-06-16,C025,麻油麵線,2,85,170,內用
O00208,2026-06-16,C025,滷味拼盤,1,90,90,內用
O00209,2026-06-16,C025,蚵仔麵線,2,65,130,外帶
O00214,2026-06-16,C025,蚵仔麵線,1,65,65,外送平台
O00214,2026-06-16,C025,滷味拼盤,1,90,90,外送平台
O00214,2026-06-16,C025,燙青菜,1,45,45,外送平台
O00216,2026-06-16,C025,麻油麵線,1,85,85,外帶
O00223,2026-06-16,C025,古早味紅茶,1,25,25,外送平台
O00223,2026-06-16,C025,古早味紅茶,1,25,25,外帶
O01447,2026-06-16,C128,古早味紅茶,1,25,25,內用
O01447,2026-06-16,C128,古早味紅茶,2,25,50,內用
O00323,2026-06-17,C032,滷味拼盤,1,90,90,外帶
O00663,2026-06-17,C064,古早味紅茶,2,25,50,內用
O00663,2026-06-17,C064,燙青菜,2,45,90,外送平台
O00912,2026-06-17,C083,蚵仔麵線,1,65,65,內用
O01496,2026-06-17,C130,炭烤香腸,2,40,80,內用
O01496,2026-06-17,C130,燙青菜,2,45,90,外帶
O01496,2026-06-17,C130,滷味拼盤,2,90,180,內用
O00553,2026-06-18,C056,麻油麵線,1,85,85,外帶
O00553,2026-06-18,C056,古早味紅茶,1,25,25,外帶
O00553,2026-06-18,C056,蚵仔麵線,2,65,130,外送平台
O00607,2026-06-18,C059,滷味拼盤,1,90,90,外帶
O01052,2026-06-18,C092,炭烤香腸,1,40,40,外帶
O01052,2026-06-18,C092,燙青菜,2,45,90,外送平台
O00297,2026-06-19,C031,燙青菜,1,45,45,外送平台
O00297,2026-06-19,C031,古早味紅茶,2,25,50,外帶
O00326,2026-06-19,C032,古早味紅茶,1,25,25,外帶
O00326,2026-06-19,C032,蚵仔麵線,1,65,65,外帶
O00328,2026-06-19,C032,蚵仔麵線,2,65,130,外帶
O00328,2026-06-19,C032,滷味拼盤,1,90,90,外帶
O00328,2026-06-19,C032,古早味紅茶,1,25,25,內用
O00517,2026-06-19,C051,古早味紅茶,1,25,25,外帶
O00629,2026-06-19,C063,炭烤香腸,1,40,40,外帶
O01403,2026-06-19,C125,古早味紅茶,1,25,25,外送平台
O01403,2026-06-19,C125,麻油麵線,1,85,85,內用
O01403,2026-06-19,C125,炭烤香腸,1,40,40,外帶
O00251,2026-06-20,C026,滷味拼盤,1,90,90,外送平台
O00251,2026-06-20,C026,滷味拼盤,1,90,90,內用
O00251,2026-06-20,C026,麻油麵線,1,85,85,外送平台
O00277,2026-06-20,C031,炭烤香腸,2,40,80,外送平台
O00277,2026-06-20,C031,燙青菜,1,45,45,外帶
O00277,2026-06-20,C031,炭烤香腸,2,40,80,外帶
O00489,2026-06-20,C050,蚵仔麵線,1,65,65,外帶
O00622,2026-06-20,C061,燙青菜,1,45,45,外送平台
O00622,2026-06-20,C061,古早味紅茶,1,25,25,外送平台
O00622,2026-06-20,C061,炭烤香腸,1,40,40,內用
O00627,2026-06-20,C062,麻油麵線,2,85,170,外帶
O00648,2026-06-20,C064,蚵仔麵線,1,65,65,內用
O00648,2026-06-20,C064,蚵仔麵線,1,65,65,外帶
O00648,2026-06-20,C064,炭烤香腸,2,40,80,外帶
O00702,2026-06-20,C066,古早味紅茶,1,25,25,內用
O00747,2026-06-20,C068,燙青菜,1,45,45,內用
O00747,2026-06-20,C068,古早味紅茶,1,25,25,外帶
O00747,2026-06-20,C068,麻油麵線,1,85,85,內用
O00792,2026-06-20,C072,炭烤香腸,1,40,40,外帶
O01190,2026-06-20,C110,蚵仔麵線,1,65,65,外帶
O01190,2026-06-20,C110,滷味拼盤,2,90,180,外帶
O01563,2026-06-20,C136,蚵仔麵線,1,65,65,內用
O01563,2026-06-20,C136,麻油麵線,1,85,85,外送平台
O01405,2026-06-21,C125,炭烤香腸,1,40,40,外帶
O01405,2026-06-21,C125,古早味紅茶,1,25,25,內用
O01541,2026-06-21,C136,炭烤香腸,1,40,40,外送平台
O01541,2026-06-21,C136,燙青菜,1,45,45,外帶
O00273,2026-06-22,C029,古早味紅茶,1,25,25,外帶
O00273,2026-06-22,C029,古早味紅茶,1,25,25,外帶
O00295,2026-06-22,C031,滷味拼盤,1,90,90,外送平台
O00295,2026-06-22,C031,滷味拼盤,1,90,90,外帶
O00302,2026-06-22,C031,蚵仔麵線,1,65,65,外送平台
O00302,2026-06-22,C031,蚵仔麵線,2,65,130,外帶
O00302,2026-06-22,C031,燙青菜,2,45,90,內用
O00331,2026-06-22,C032,滷味拼盤,1,90,90,內用
O00331,2026-06-22,C032,古早味紅茶,1,25,25,內用
O00331,2026-06-22,C032,炭烤香腸,1,40,40,內用
O00664,2026-06-22,C064,古早味紅茶,1,25,25,外送平台
O00664,2026-06-22,C064,蚵仔麵線,1,65,65,外送平台
O00753,2026-06-22,C068,滷味拼盤,1,90,90,外帶
O00992,2026-06-22,C089,炭烤香腸,1,40,40,外送平台
O01525,2026-06-22,C133,古早味紅茶,1,25,25,外帶
O01525,2026-06-22,C133,蚵仔麵線,1,65,65,外送平台
O01525,2026-06-22,C133,蚵仔麵線,2,65,130,外送平台
O00059,2026-06-23,C010,炭烤香腸,1,40,40,外送平台
O00161,2026-06-23,C022,古早味紅茶,1,25,25,外帶
O00161,2026-06-23,C022,滷味拼盤,1,90,90,外送平台
O00161,2026-06-23,C022,蚵仔麵線,1,65,65,外帶
O00237,2026-06-23,C026,蚵仔麵線,1,65,65,外帶
O00286,2026-06-23,C031,炭烤香腸,1,40,40,內用
O00286,2026-06-23,C031,蚵仔麵線,1,65,65,外帶
O00318,2026-06-23,C032,蚵仔麵線,2,65,130,外帶
O00552,2026-06-23,C055,滷味拼盤,1,90,90,外帶
O00552,2026-06-23,C055,古早味紅茶,1,25,25,外送平台
O00714,2026-06-23,C066,滷味拼盤,1,90,90,外送平台
O01131,2026-06-23,C104,燙青菜,1,45,45,外帶
O01131,2026-06-23,C104,古早味紅茶,1,25,25,外送平台
O01421,2026-06-23,C125,炭烤香腸,2,40,80,外帶
O01477,2026-06-23,C129,燙青菜,2,45,90,內用
O01477,2026-06-23,C129,古早味紅茶,1,25,25,外帶
O00064,2026-06-24,C010,古早味紅茶,1,25,25,外帶
O00303,2026-06-24,C031,滷味拼盤,1,90,90,外送平台
O00394,2026-06-24,C037,炭烤香腸,1,40,40,內用
O00394,2026-06-24,C037,滷味拼盤,1,90,90,外送平台
O01509,2026-06-24,C130,炭烤香腸,1,40,40,外帶
O01509,2026-06-24,C130,滷味拼盤,1,90,90,外帶
O00241,2026-06-25,C026,麻油麵線,1,85,85,外帶
O00241,2026-06-25,C026,麻油麵線,2,85,170,外帶
O00241,2026-06-25,C026,炭烤香腸,1,40,40,內用
O00320,2026-06-25,C032,炭烤香腸,1,40,40,外送平台
O00320,2026-06-25,C032,蚵仔麵線,1,65,65,外送平台
O00796,2026-06-25,C072,炭烤香腸,2,40,80,外送平台
O01399,2026-06-25,C125,滷味拼盤,1,90,90,內用
O01399,2026-06-25,C125,炭烤香腸,2,40,80,外帶
O01406,2026-06-25,C125,蚵仔麵線,1,65,65,外送平台
O01406,2026-06-25,C125,蚵仔麵線,1,65,65,外帶
O01416,2026-06-25,C125,滷味拼盤,1,90,90,外送平台
O00879,2026-06-26,C080,蚵仔麵線,1,65,65,外送平台
O00977,2026-06-26,C088,麻油麵線,1,85,85,外帶
O00977,2026-06-26,C088,蚵仔麵線,1,65,65,外帶
O01290,2026-06-26,C114,滷味拼盤,1,90,90,外帶
O01290,2026-06-26,C114,燙青菜,2,45,90,外送平台
O01449,2026-06-26,C128,蚵仔麵線,1,65,65,外帶
O01449,2026-06-26,C128,炭烤香腸,1,40,40,內用
O00281,2026-06-27,C031,炭烤香腸,1,40,40,內用
O00310,2026-06-27,C032,古早味紅茶,2,25,50,外送平台
O00310,2026-06-27,C032,燙青菜,1,45,45,外帶
O00577,2026-06-27,C056,蚵仔麵線,1,65,65,外送平台
O00577,2026-06-27,C056,蚵仔麵線,1,65,65,外帶
O01262,2026-06-27,C114,古早味紅茶,1,25,25,內用
O01262,2026-06-27,C114,炭烤香腸,2,40,80,外帶
O00289,2026-06-28,C031,燙青菜,2,45,90,外帶
O00289,2026-06-28,C031,燙青菜,1,45,45,外帶
O00611,2026-06-28,C059,蚵仔麵線,1,65,65,外帶
O00611,2026-06-28,C059,滷味拼盤,1,90,90,內用
O01186,2026-06-28,C110,古早味紅茶,1,25,25,內用
O01186,2026-06-28,C110,炭烤香腸,2,40,80,外帶
O00159,2026-06-29,C022,麻油麵線,1,85,85,內用
O00159,2026-06-29,C022,麻油麵線,1,85,85,外帶
O00234,2026-06-29,C026,古早味紅茶,2,25,50,內用
O00561,2026-06-29,C056,古早味紅茶,2,25,50,外帶
O00691,2026-06-29,C065,滷味拼盤,1,90,90,內用
O00691,2026-06-29,C065,古早味紅茶,1,25,25,內用
O00754,2026-06-29,C068,燙青菜,2,45,90,外送平台
O00754,2026-06-29,C068,古早味紅茶,2,25,50,外帶
O00801,2026-06-29,C072,古早味紅茶,1,25,25,外帶
O00801,2026-06-29,C072,滷味拼盤,2,90,180,外帶
O00801,2026-06-29,C072,麻油麵線,1,85,85,內用
O01008,2026-06-29,C089,麻油麵線,1,85,85,內用
O01199,2026-06-29,C111,滷味拼盤,1,90,90,外帶
O01199,2026-06-29,C111,麻油麵線,1,85,85,內用
O00160,2026-06-30,C022,滷味拼盤,1,90,90,外帶
O00164,2026-06-30,C022,燙青菜,1,45,45,外帶
O00164,2026-06-30,C022,燙青菜,2,45,90,外帶
O00181,2026-06-30,C022,蚵仔麵線,2,65,130,外帶
O00181,2026-06-30,C022,炭烤香腸,1,40,40,內用
O01284,2026-06-30,C114,滷味拼盤,2,90,180,外帶
O01422,2026-06-30,C125,蚵仔麵線,2,65,130,內用
O00174,2026-07-01,C022,滷味拼盤,1,90,90,內用
O00174,2026-07-01,C022,蚵仔麵線,2,65,130,外帶
O00250,2026-07-01,C026,古早味紅茶,1,25,25,內用
O00688,2026-07-01,C065,滷味拼盤,1,90,90,外送平台
O00816,2026-07-01,C074,麻油麵線,1,85,85,外帶
O00816,2026-07-01,C074,燙青菜,2,45,90,外帶
O01445,2026-07-01,C128,燙青菜,1,45,45,內用
O01445,2026-07-01,C128,蚵仔麵線,1,65,65,內用
O01490,2026-07-01,C129,滷味拼盤,1,90,90,外帶
O01490,2026-07-01,C129,麻油麵線,1,85,85,外送平台
O00171,2026-07-02,C022,滷味拼盤,1,90,90,內用
O00321,2026-07-02,C032,炭烤香腸,1,40,40,內用
O00321,2026-07-02,C032,滷味拼盤,1,90,90,外帶
O00693,2026-07-02,C065,炭烤香腸,1,40,40,外帶
O00693,2026-07-02,C065,麻油麵線,2,85,170,外送平台
O00693,2026-07-02,C065,燙青菜,1,45,45,外帶
O00745,2026-07-02,C068,古早味紅茶,1,25,25,外帶
O00745,2026-07-02,C068,燙青菜,1,45,45,外帶
O00968,2026-07-02,C087,麻油麵線,2,85,170,外帶
O01382,2026-07-02,C121,麻油麵線,1,85,85,內用
O00327,2026-07-03,C032,燙青菜,1,45,45,外送平台
O00327,2026-07-03,C032,炭烤香腸,1,40,40,外帶
O00896,2026-07-03,C080,麻油麵線,1,85,85,外帶
O00896,2026-07-03,C080,麻油麵線,2,85,170,外帶
O00896,2026-07-03,C080,燙青菜,2,45,90,內用
O01251,2026-07-03,C113,燙青菜,1,45,45,內用
O01251,2026-07-03,C113,古早味紅茶,1,25,25,外帶
O01353,2026-07-03,C118,古早味紅茶,1,25,25,內用
O01353,2026-07-03,C118,燙青菜,2,45,90,外送平台
O01353,2026-07-03,C118,滷味拼盤,1,90,90,外帶
O01423,2026-07-03,C125,古早味紅茶,1,25,25,內用
O01497,2026-07-03,C130,古早味紅茶,2,25,50,內用
O01606,2026-07-03,C140,炭烤香腸,1,40,40,外帶
O00282,2026-07-04,C031,炭烤香腸,2,40,80,外送平台
O00597,2026-07-04,C059,燙青菜,1,45,45,外帶
O00597,2026-07-04,C059,古早味紅茶,2,25,50,外帶
O00672,2026-07-04,C065,燙青菜,1,45,45,外帶
O00672,2026-07-04,C065,蚵仔麵線,1,65,65,外帶
O01050,2026-07-04,C092,麻油麵線,2,85,170,外送平台
O01050,2026-07-04,C092,古早味紅茶,1,25,25,外帶
O01050,2026-07-04,C092,古早味紅茶,1,25,25,外帶
O01412,2026-07-04,C125,燙青菜,1,45,45,外送平台
O01412,2026-07-04,C125,麻油麵線,1,85,85,內用
O01443,2026-07-04,C128,燙青菜,1,45,45,外帶
O01443,2026-07-04,C128,蚵仔麵線,1,65,65,外帶
O00242,2026-07-05,C026,滷味拼盤,1,90,90,外帶
O00242,2026-07-05,C026,炭烤香腸,1,40,40,內用
O00676,2026-07-05,C065,燙青菜,1,45,45,內用
O00689,2026-07-05,C065,古早味紅茶,2,25,50,內用
O00694,2026-07-05,C065,滷味拼盤,1,90,90,外帶
O00748,2026-07-05,C068,炭烤香腸,1,40,40,外送平台
O00748,2026-07-05,C068,燙青菜,2,45,90,外送平台
O01012,2026-07-05,C089,燙青菜,1,45,45,外送平台
O01352,2026-07-05,C118,滷味拼盤,1,90,90,外帶
O01352,2026-07-05,C118,蚵仔麵線,1,65,65,外帶
O01352,2026-07-05,C118,麻油麵線,1,85,85,外送平台
O01381,2026-07-05,C121,燙青菜,2,45,90,外帶
O00168,2026-07-06,C022,麻油麵線,1,85,85,外帶
O00168,2026-07-06,C022,古早味紅茶,2,25,50,內用
O00487,2026-07-06,C050,古早味紅茶,1,25,25,內用
O00487,2026-07-06,C050,麻油麵線,1,85,85,外帶
O00628,2026-07-06,C063,燙青菜,1,45,45,外帶
O00628,2026-07-06,C063,炭烤香腸,1,40,40,外帶
O00628,2026-07-06,C063,滷味拼盤,1,90,90,外送平台
O00682,2026-07-06,C065,滷味拼盤,1,90,90,外帶
O00682,2026-07-06,C065,古早味紅茶,1,25,25,外送平台
O00951,2026-07-06,C084,滷味拼盤,2,90,180,外帶
O00951,2026-07-06,C084,蚵仔麵線,1,65,65,外帶
O00951,2026-07-06,C084,炭烤香腸,1,40,40,內用
O01395,2026-07-06,C123,燙青菜,2,45,90,外帶
O01395,2026-07-06,C123,蚵仔麵線,1,65,65,內用
O01395,2026-07-06,C123,蚵仔麵線,1,65,65,外送平台
O01540,2026-07-06,C136,古早味紅茶,1,25,25,外送平台
O01540,2026-07-06,C136,麻油麵線,1,85,85,內用
O01565,2026-07-06,C136,古早味紅茶,1,25,25,外帶
O00183,2026-07-07,C022,滷味拼盤,1,90,90,外帶
O00311,2026-07-07,C032,古早味紅茶,1,25,25,外帶
O00311,2026-07-07,C032,蚵仔麵線,2,65,130,外帶
O00311,2026-07-07,C032,蚵仔麵線,2,65,130,內用
O00368,2026-07-07,C035,燙青菜,1,45,45,外送平台
O00368,2026-07-07,C035,滷味拼盤,1,90,90,內用
O00369,2026-07-07,C035,滷味拼盤,1,90,90,外帶
O00371,2026-07-07,C035,滷味拼盤,1,90,90,外帶
O00373,2026-07-07,C035,古早味紅茶,1,25,25,外帶
O00373,2026-07-07,C035,麻油麵線,1,85,85,外帶
O00374,2026-07-07,C035,炭烤香腸,1,40,40,外帶
O00379,2026-07-07,C035,燙青菜,2,45,90,內用
O00380,2026-07-07,C035,蚵仔麵線,2,65,130,外帶
O00380,2026-07-07,C035,麻油麵線,1,85,85,內用
O00383,2026-07-07,C035,古早味紅茶,1,25,25,外帶
O00383,2026-07-07,C035,蚵仔麵線,1,65,65,外帶
O00383,2026-07-07,C035,蚵仔麵線,1,65,65,外帶
O00386,2026-07-07,C035,古早味紅茶,1,25,25,外帶
O00388,2026-07-07,C035,蚵仔麵線,1,65,65,外送平台
O00671,2026-07-07,C065,炭烤香腸,1,40,40,外送平台
O01454,2026-07-07,C128,蚵仔麵線,1,65,65,外帶
O01454,2026-07-07,C128,蚵仔麵線,1,65,65,外送平台
O01491,2026-07-07,C129,麻油麵線,2,85,170,內用
O01491,2026-07-07,C129,麻油麵線,1,85,85,外送平台
O00340,2026-07-08,C032,燙青菜,1,45,45,內用
O00367,2026-07-08,C035,燙青菜,1,45,45,外帶
O00367,2026-07-08,C035,麻油麵線,1,85,85,外帶
O00370,2026-07-08,C035,蚵仔麵線,1,65,65,外帶
O00370,2026-07-08,C035,燙青菜,1,45,45,內用
O00370,2026-07-08,C035,燙青菜,1,45,45,外送平台
O00372,2026-07-08,C035,古早味紅茶,1,25,25,外送平台
O00372,2026-07-08,C035,燙青菜,1,45,45,外帶
O00375,2026-07-08,C035,炭烤香腸,1,40,40,外帶
O00375,2026-07-08,C035,炭烤香腸,1,40,40,外送平台
O00376,2026-07-08,C035,麻油麵線,1,85,85,外帶
O00377,2026-07-08,C035,燙青菜,2,45,90,外送平台
O00377,2026-07-08,C035,麻油麵線,1,85,85,外送平台
O00378,2026-07-08,C035,古早味紅茶,1,25,25,內用
O00378,2026-07-08,C035,燙青菜,1,45,45,外帶
O00378,2026-07-08,C035,燙青菜,1,45,45,外帶
O00381,2026-07-08,C035,燙青菜,1,45,45,外帶
O00382,2026-07-08,C035,滷味拼盤,1,90,90,外送平台
O00382,2026-07-08,C035,蚵仔麵線,1,65,65,內用
O00382,2026-07-08,C035,滷味拼盤,1,90,90,外帶
O00384,2026-07-08,C035,燙青菜,1,45,45,內用
O00385,2026-07-08,C035,麻油麵線,2,85,170,外帶
O00385,2026-07-08,C035,炭烤香腸,1,40,40,外帶
O00385,2026-07-08,C035,燙青菜,2,45,90,外帶
O00387,2026-07-08,C035,蚵仔麵線,2,65,130,內用
O00387,2026-07-08,C035,燙青菜,1,45,45,外帶
O00389,2026-07-08,C035,古早味紅茶,1,25,25,外帶
O00389,2026-07-08,C035,麻油麵線,1,85,85,外帶
O00390,2026-07-08,C035,麻油麵線,2,85,170,內用
O00390,2026-07-08,C035,燙青菜,1,45,45,外帶
O00391,2026-07-08,C035,蚵仔麵線,1,65,65,外帶
O00391,2026-07-08,C035,炭烤香腸,1,40,40,外送平台
O00626,2026-07-08,C062,炭烤香腸,1,40,40,外送平台
O00626,2026-07-08,C062,炭烤香腸,1,40,40,外帶
O00647,2026-07-08,C064,蚵仔麵線,1,65,65,外送平台
O00647,2026-07-08,C064,麻油麵線,1,85,85,外送平台
O00647,2026-07-08,C064,古早味紅茶,1,25,25,外帶
O00876,2026-07-08,C080,蚵仔麵線,1,65,65,外送平台
O00876,2026-07-08,C080,滷味拼盤,2,90,180,外送平台
O01049,2026-07-08,C092,炭烤香腸,2,40,80,外帶
O01049,2026-07-08,C092,古早味紅茶,1,25,25,外帶
O01295,2026-07-08,C115,麻油麵線,1,85,85,外帶
O01453,2026-07-08,C128,古早味紅茶,1,25,25,外帶
O01453,2026-07-08,C128,滷味拼盤,2,90,180,外送平台
O00226,2026-07-09,C026,蚵仔麵線,1,65,65,外送平台
O00226,2026-07-09,C026,燙青菜,1,45,45,外帶
O00226,2026-07-09,C026,燙青菜,1,45,45,外帶
O01057,2026-07-09,C092,古早味紅茶,2,25,50,外帶
O01057,2026-07-09,C092,麻油麵線,2,85,170,外帶
O01151,2026-07-09,C107,古早味紅茶,1,25,25,內用
O01151,2026-07-09,C107,蚵仔麵線,1,65,65,內用
O01151,2026-07-09,C107,滷味拼盤,1,90,90,外送平台
O01410,2026-07-09,C125,炭烤香腸,2,40,80,外帶
O01410,2026-07-09,C125,古早味紅茶,1,25,25,外帶
O01424,2026-07-09,C125,滷味拼盤,1,90,90,內用
O01424,2026-07-09,C125,燙青菜,2,45,90,內用
O01457,2026-07-09,C128,蚵仔麵線,1,65,65,外帶
O01457,2026-07-09,C128,燙青菜,1,45,45,外送平台
O01457,2026-07-09,C128,滷味拼盤,2,90,180,內用
O00180,2026-07-10,C022,炭烤香腸,2,40,80,外送平台
O00180,2026-07-10,C022,蚵仔麵線,1,65,65,外帶
O00186,2026-07-10,C022,滷味拼盤,1,90,90,外帶
O00186,2026-07-10,C022,炭烤香腸,2,40,80,外帶
O00422,2026-07-10,C045,炭烤香腸,1,40,40,內用
O00422,2026-07-10,C045,滷味拼盤,2,90,180,內用
O01273,2026-07-10,C114,蚵仔麵線,1,65,65,外送平台
O01273,2026-07-10,C114,滷味拼盤,1,90,90,外送平台
O01273,2026-07-10,C114,麻油麵線,1,85,85,內用
O00179,2026-07-11,C022,蚵仔麵線,1,65,65,外帶
O00179,2026-07-11,C022,炭烤香腸,1,40,40,外帶
O00253,2026-07-11,C027,燙青菜,1,45,45,外帶
O00253,2026-07-11,C027,燙青菜,1,45,45,內用
O00254,2026-07-11,C027,蚵仔麵線,2,65,130,外帶
O00254,2026-07-11,C027,滷味拼盤,1,90,90,外送平台
O00256,2026-07-11,C027,蚵仔麵線,1,65,65,內用
O00256,2026-07-11,C027,滷味拼盤,1,90,90,外帶
O00256,2026-07-11,C027,蚵仔麵線,1,65,65,外帶
O00260,2026-07-11,C027,炭烤香腸,2,40,80,外帶
O00260,2026-07-11,C027,古早味紅茶,1,25,25,外帶
O00260,2026-07-11,C027,滷味拼盤,1,90,90,外送平台
O00262,2026-07-11,C027,麻油麵線,2,85,170,內用
O00263,2026-07-11,C027,滷味拼盤,1,90,90,外送平台
O00263,2026-07-11,C027,蚵仔麵線,1,65,65,外送平台
O00263,2026-07-11,C027,古早味紅茶,1,25,25,外送平台
O00264,2026-07-11,C027,蚵仔麵線,2,65,130,外帶
O00266,2026-07-11,C027,炭烤香腸,1,40,40,外帶
O00267,2026-07-11,C027,燙青菜,1,45,45,外送平台
O00267,2026-07-11,C027,麻油麵線,2,85,170,外帶
O00268,2026-07-11,C027,蚵仔麵線,1,65,65,外送平台
O00268,2026-07-11,C027,麻油麵線,1,85,85,外帶
O00268,2026-07-11,C027,炭烤香腸,1,40,40,外送平台
O00269,2026-07-11,C027,麻油麵線,2,85,170,外帶
O00269,2026-07-11,C027,燙青菜,1,45,45,外送平台
O00269,2026-07-11,C027,滷味拼盤,1,90,90,外送平台
O00499,2026-07-11,C050,蚵仔麵線,2,65,130,外帶
O00499,2026-07-11,C050,古早味紅茶,1,25,25,外帶
O00521,2026-07-11,C051,燙青菜,1,45,45,外送平台
O00666,2026-07-11,C065,燙青菜,1,45,45,外送平台
O00666,2026-07-11,C065,麻油麵線,1,85,85,外帶
O00666,2026-07-11,C065,古早味紅茶,1,25,25,外帶
O01182,2026-07-11,C109,炭烤香腸,1,40,40,外送平台
O01411,2026-07-11,C125,燙青菜,2,45,90,內用
O01411,2026-07-11,C125,古早味紅茶,2,25,50,外帶
O00169,2026-07-12,C022,蚵仔麵線,1,65,65,內用
O00252,2026-07-12,C027,炭烤香腸,1,40,40,外帶
O00252,2026-07-12,C027,蚵仔麵線,1,65,65,外送平台
O00255,2026-07-12,C027,蚵仔麵線,1,65,65,外帶
O00255,2026-07-12,C027,蚵仔麵線,1,65,65,外帶
O00257,2026-07-12,C027,燙青菜,2,45,90,內用
O00257,2026-07-12,C027,燙青菜,1,45,45,外帶
O00257,2026-07-12,C027,蚵仔麵線,1,65,65,外帶
O00258,2026-07-12,C027,炭烤香腸,2,40,80,外帶
O00258,2026-07-12,C027,炭烤香腸,1,40,40,外送平台
O00259,2026-07-12,C027,燙青菜,1,45,45,外帶
O00259,2026-07-12,C027,古早味紅茶,1,25,25,外帶
O00261,2026-07-12,C027,古早味紅茶,1,25,25,內用
O00265,2026-07-12,C027,滷味拼盤,2,90,180,外帶
O00265,2026-07-12,C027,古早味紅茶,1,25,25,外帶
O00265,2026-07-12,C027,古早味紅茶,1,25,25,外帶
O00484,2026-07-12,C050,炭烤香腸,1,40,40,外帶
O00484,2026-07-12,C050,滷味拼盤,1,90,90,內用
O00636,2026-07-12,C064,炭烤香腸,1,40,40,外帶
O00636,2026-07-12,C064,燙青菜,1,45,45,內用
O00979,2026-07-12,C088,蚵仔麵線,1,65,65,內用
O00988,2026-07-12,C089,蚵仔麵線,1,65,65,內用
O00988,2026-07-12,C089,蚵仔麵線,1,65,65,外帶
O01154,2026-07-12,C108,麻油麵線,2,85,170,外送平台
O01154,2026-07-12,C108,蚵仔麵線,1,65,65,外送平台
O01154,2026-07-12,C108,古早味紅茶,2,25,50,外帶
O01418,2026-07-12,C125,燙青菜,1,45,45,外帶
O01418,2026-07-12,C125,滷味拼盤,2,90,180,內用
O01418,2026-07-12,C125,麻油麵線,1,85,85,外帶
O01465,2026-07-12,C129,滷味拼盤,1,90,90,內用
O01592,2026-07-12,C138,蚵仔麵線,1,65,65,外帶
O01592,2026-07-12,C138,古早味紅茶,1,25,25,外帶
O01592,2026-07-12,C138,炭烤香腸,2,40,80,外帶
O00137,2026-07-13,C017,滷味拼盤,2,90,180,外帶
O00279,2026-07-13,C031,古早味紅茶,1,25,25,內用
O00279,2026-07-13,C031,炭烤香腸,1,40,40,外送平台
O00279,2026-07-13,C031,蚵仔麵線,1,65,65,外帶
O00497,2026-07-13,C050,蚵仔麵線,1,65,65,外帶
O00497,2026-07-13,C050,古早味紅茶,1,25,25,外帶
O00497,2026-07-13,C050,炭烤香腸,1,40,40,外帶
O00656,2026-07-13,C064,燙青菜,1,45,45,內用
O00656,2026-07-13,C064,古早味紅茶,1,25,25,內用
O00975,2026-07-13,C088,燙青菜,1,45,45,外送平台
O00975,2026-07-13,C088,古早味紅茶,1,25,25,外帶
O00985,2026-07-13,C089,蚵仔麵線,1,65,65,外送平台
O00997,2026-07-13,C089,古早味紅茶,2,25,50,外帶
O00997,2026-07-13,C089,古早味紅茶,1,25,25,內用
O01120,2026-07-13,C104,滷味拼盤,2,90,180,外帶
O01193,2026-07-13,C111,蚵仔麵線,1,65,65,外帶
O01193,2026-07-13,C111,炭烤香腸,2,40,80,內用
O01385,2026-07-13,C122,麻油麵線,2,85,170,外送平台
O01385,2026-07-13,C122,古早味紅茶,1,25,25,外送平台
O01385,2026-07-13,C122,古早味紅茶,1,25,25,外帶
O01558,2026-07-13,C136,燙青菜,1,45,45,外帶
O01593,2026-07-13,C139,古早味紅茶,1,25,25,外送平台
O01593,2026-07-13,C139,滷味拼盤,1,90,90,外送平台
O00167,2026-07-14,C022,古早味紅茶,2,25,50,外帶
O00167,2026-07-14,C022,麻油麵線,1,85,85,外帶
O00167,2026-07-14,C022,燙青菜,1,45,45,外帶
O00324,2026-07-14,C032,炭烤香腸,1,40,40,外帶
O00324,2026-07-14,C032,滷味拼盤,2,90,180,外帶
O00677,2026-07-14,C065,炭烤香腸,1,40,40,內用
O00680,2026-07-14,C065,滷味拼盤,1,90,90,外送平台
O00680,2026-07-14,C065,麻油麵線,2,85,170,外帶
O00680,2026-07-14,C065,燙青菜,1,45,45,內用
O00687,2026-07-14,C065,麻油麵線,1,85,85,外帶
O00687,2026-07-14,C065,麻油麵線,1,85,85,外帶
O00793,2026-07-14,C072,蚵仔麵線,2,65,130,外帶
O00793,2026-07-14,C072,蚵仔麵線,1,65,65,外帶
O00793,2026-07-14,C072,滷味拼盤,1,90,90,內用
O01025,2026-07-14,C090,蚵仔麵線,2,65,130,內用
O01025,2026-07-14,C090,古早味紅茶,1,25,25,外帶
O01289,2026-07-14,C114,滷味拼盤,2,90,180,內用
O01289,2026-07-14,C114,麻油麵線,1,85,85,內用
O01289,2026-07-14,C114,燙青菜,2,45,90,外帶
O01446,2026-07-14,C128,麻油麵線,1,85,85,外帶
O01446,2026-07-14,C128,古早味紅茶,1,25,25,內用
O01508,2026-07-14,C130,炭烤香腸,2,40,80,外送平台
O01508,2026-07-14,C130,蚵仔麵線,1,65,65,外帶
O01532,2026-07-14,C134,蚵仔麵線,1,65,65,內用
O01532,2026-07-14,C134,滷味拼盤,1,90,90,外帶
O00165,2026-07-15,C022,燙青菜,1,45,45,外帶
O00580,2026-07-15,C056,麻油麵線,1,85,85,外送平台
O00651,2026-07-15,C064,蚵仔麵線,1,65,65,外帶
O00651,2026-07-15,C064,蚵仔麵線,1,65,65,內用
O00651,2026-07-15,C064,燙青菜,1,45,45,外帶
O00695,2026-07-15,C065,古早味紅茶,1,25,25,外帶
O00695,2026-07-15,C065,滷味拼盤,1,90,90,外帶
O00695,2026-07-15,C065,古早味紅茶,2,25,50,外帶
O00815,2026-07-15,C073,炭烤香腸,1,40,40,外帶
O00815,2026-07-15,C073,炭烤香腸,1,40,40,內用
O00897,2026-07-15,C080,炭烤香腸,1,40,40,外送平台
O00897,2026-07-15,C080,炭烤香腸,1,40,40,外帶
O00897,2026-07-15,C080,古早味紅茶,1,25,25,外帶
O01134,2026-07-15,C104,炭烤香腸,1,40,40,外帶
O01236,2026-07-15,C113,古早味紅茶,1,25,25,外帶
O01236,2026-07-15,C113,燙青菜,1,45,45,外送平台
O01442,2026-07-15,C128,古早味紅茶,2,25,50,外帶
O00314,2026-07-16,C032,炭烤香腸,1,40,40,內用
O00314,2026-07-16,C032,滷味拼盤,1,90,90,外帶
O00683,2026-07-16,C065,古早味紅茶,1,25,25,外帶
O00683,2026-07-16,C065,燙青菜,1,45,45,外帶
O00683,2026-07-16,C065,滷味拼盤,1,90,90,內用
O00781,2026-07-16,C071,蚵仔麵線,1,65,65,外帶
O00855,2026-07-16,C078,滷味拼盤,2,90,180,外送平台
O00855,2026-07-16,C078,蚵仔麵線,1,65,65,外送平台
O01013,2026-07-16,C089,麻油麵線,1,85,85,外送平台
O01013,2026-07-16,C089,燙青菜,2,45,90,內用
O01013,2026-07-16,C089,麻油麵線,2,85,170,外送平台
O01420,2026-07-16,C125,滷味拼盤,2,90,180,內用
O01420,2026-07-16,C125,麻油麵線,1,85,85,外帶
O00271,2026-07-17,C028,古早味紅茶,2,25,50,外帶
O00271,2026-07-17,C028,滷味拼盤,2,90,180,外帶
O00673,2026-07-17,C065,古早味紅茶,1,25,25,外帶
O00673,2026-07-17,C065,炭烤香腸,1,40,40,內用
O00851,2026-07-17,C078,滷味拼盤,1,90,90,外送平台
O00851,2026-07-17,C078,麻油麵線,1,85,85,外帶
O00857,2026-07-17,C078,炭烤香腸,1,40,40,外帶
O00935,2026-07-17,C083,麻油麵線,1,85,85,外送平台
O00935,2026-07-17,C083,炭烤香腸,1,40,40,外帶
O01023,2026-07-17,C090,蚵仔麵線,2,65,130,外帶
O01125,2026-07-17,C104,燙青菜,2,45,90,外帶
O01560,2026-07-17,C136,古早味紅茶,1,25,25,內用
O01560,2026-07-17,C136,古早味紅茶,1,25,25,外帶
O00270,2026-07-18,C028,蚵仔麵線,2,65,130,內用
O00841,2026-07-18,C078,麻油麵線,1,85,85,內用
O00841,2026-07-18,C078,滷味拼盤,2,90,180,外送平台
O00841,2026-07-18,C078,蚵仔麵線,1,65,65,外送平台
O01109,2026-07-18,C099,滷味拼盤,2,90,180,外送平台
O01398,2026-07-18,C125,麻油麵線,1,85,85,外帶
O01398,2026-07-18,C125,滷味拼盤,1,90,90,內用
O01398,2026-07-18,C125,蚵仔麵線,2,65,130,外帶
O00187,2026-07-19,C023,燙青菜,1,45,45,內用
O00187,2026-07-19,C023,古早味紅茶,1,25,25,外帶
O00274,2026-07-19,C029,滷味拼盤,1,90,90,外帶
O00274,2026-07-19,C029,滷味拼盤,1,90,90,外帶
O00278,2026-07-19,C031,蚵仔麵線,2,65,130,外帶
O00278,2026-07-19,C031,麻油麵線,1,85,85,外帶
O00290,2026-07-19,C031,蚵仔麵線,1,65,65,外送平台
O00299,2026-07-19,C031,蚵仔麵線,2,65,130,內用
O00299,2026-07-19,C031,古早味紅茶,1,25,25,外帶
O00332,2026-07-19,C032,滷味拼盤,1,90,90,外帶
O00557,2026-07-19,C056,蚵仔麵線,1,65,65,外帶
O00668,2026-07-19,C065,蚵仔麵線,1,65,65,外送平台
O00756,2026-07-19,C068,炭烤香腸,1,40,40,外帶
O01280,2026-07-19,C114,麻油麵線,1,85,85,外帶
O01503,2026-07-19,C130,蚵仔麵線,2,65,130,內用
O01503,2026-07-19,C130,滷味拼盤,1,90,90,外送平台
O01503,2026-07-19,C130,蚵仔麵線,1,65,65,外帶
O01510,2026-07-19,C130,滷味拼盤,1,90,90,外帶
O01510,2026-07-19,C130,燙青菜,1,45,45,外帶
O01510,2026-07-19,C130,滷味拼盤,1,90,90,內用
O00173,2026-07-20,C022,滷味拼盤,1,90,90,外送平台
O00173,2026-07-20,C022,燙青菜,1,45,45,外送平台
O00176,2026-07-20,C022,古早味紅茶,1,25,25,內用
O00176,2026-07-20,C022,炭烤香腸,1,40,40,外送平台
O00306,2026-07-20,C031,麻油麵線,1,85,85,外帶
O00679,2026-07-20,C065,燙青菜,1,45,45,外帶
O01155,2026-07-20,C108,炭烤香腸,2,40,80,內用
O01155,2026-07-20,C108,燙青菜,1,45,45,內用
O01155,2026-07-20,C108,古早味紅茶,1,25,25,外送平台
O01408,2026-07-20,C125,蚵仔麵線,1,65,65,外帶
O00285,2026-07-21,C031,滷味拼盤,2,90,180,外帶
O00665,2026-07-21,C064,滷味拼盤,1,90,90,外送平台
O00665,2026-07-21,C064,燙青菜,1,45,45,外帶
O00670,2026-07-21,C065,滷味拼盤,1,90,90,外送平台
O00674,2026-07-21,C065,蚵仔麵線,2,65,130,外帶
O00674,2026-07-21,C065,炭烤香腸,1,40,40,內用
O00674,2026-07-21,C065,麻油麵線,1,85,85,外帶
O00749,2026-07-21,C068,燙青菜,1,45,45,外帶
O00998,2026-07-21,C089,蚵仔麵線,2,65,130,內用
O01026,2026-07-21,C090,古早味紅茶,2,25,50,外送平台
O01103,2026-07-21,C098,燙青菜,1,45,45,內用
O01103,2026-07-21,C098,麻油麵線,1,85,85,外送平台
O01133,2026-07-21,C104,古早味紅茶,1,25,25,外送平台
O01133,2026-07-21,C104,滷味拼盤,1,90,90,外帶
O01133,2026-07-21,C104,燙青菜,1,45,45,外送平台
O01404,2026-07-21,C125,燙青菜,2,45,90,外帶
O00013,2026-07-22,C004,炭烤香腸,2,40,80,內用
O00013,2026-07-22,C004,蚵仔麵線,1,65,65,外送平台
O00339,2026-07-22,C032,燙青菜,1,45,45,外帶
O00339,2026-07-22,C032,滷味拼盤,1,90,90,外送平台
O00339,2026-07-22,C032,燙青菜,2,45,90,外帶
O00859,2026-07-22,C078,古早味紅茶,1,25,25,外帶
O01024,2026-07-22,C090,麻油麵線,2,85,170,外帶
O01024,2026-07-22,C090,麻油麵線,1,85,85,外帶
O01024,2026-07-22,C090,古早味紅茶,1,25,25,外送平台
O01470,2026-07-22,C129,麻油麵線,2,85,170,外送平台
O01470,2026-07-22,C129,燙青菜,1,45,45,內用
O01478,2026-07-22,C129,蚵仔麵線,1,65,65,外帶
O01512,2026-07-22,C130,炭烤香腸,1,40,40,外帶
O01512,2026-07-22,C130,古早味紅茶,1,25,25,內用
O01512,2026-07-22,C130,炭烤香腸,1,40,40,外帶
O00050,2026-07-23,C008,蚵仔麵線,1,65,65,外帶
O00050,2026-07-23,C008,麻油麵線,1,85,85,外帶
O00185,2026-07-23,C022,滷味拼盤,2,90,180,內用
O00280,2026-07-23,C031,蚵仔麵線,1,65,65,外帶
O00280,2026-07-23,C031,滷味拼盤,2,90,180,外帶
O00308,2026-07-23,C032,蚵仔麵線,1,65,65,外帶
O00308,2026-07-23,C032,炭烤香腸,2,40,80,外送平台
O00486,2026-07-23,C050,麻油麵線,1,85,85,外送平台
O00486,2026-07-23,C050,燙青菜,1,45,45,外帶
O00486,2026-07-23,C050,古早味紅茶,1,25,25,內用
O00847,2026-07-23,C078,滷味拼盤,1,90,90,內用
O00847,2026-07-23,C078,燙青菜,1,45,45,外帶
O00847,2026-07-23,C078,麻油麵線,1,85,85,外帶
O01122,2026-07-23,C104,滷味拼盤,2,90,180,外帶
O01177,2026-07-23,C109,古早味紅茶,1,25,25,外帶
O01177,2026-07-23,C109,麻油麵線,1,85,85,內用
O01197,2026-07-23,C111,滷味拼盤,1,90,90,外帶
O01197,2026-07-23,C111,麻油麵線,1,85,85,外送平台
O01475,2026-07-23,C129,古早味紅茶,1,25,25,內用
O01554,2026-07-23,C136,滷味拼盤,1,90,90,內用
O01554,2026-07-23,C136,燙青菜,1,45,45,內用
O01554,2026-07-23,C136,滷味拼盤,1,90,90,外帶
O00155,2026-07-24,C021,麻油麵線,1,85,85,內用
O00155,2026-07-24,C021,麻油麵線,2,85,170,外帶
O00178,2026-07-24,C022,蚵仔麵線,1,65,65,外帶
O00178,2026-07-24,C022,炭烤香腸,1,40,40,外送平台
O00813,2026-07-24,C073,炭烤香腸,1,40,40,外帶
O00813,2026-07-24,C073,蚵仔麵線,1,65,65,內用
O00813,2026-07-24,C073,蚵仔麵線,1,65,65,內用
O01104,2026-07-24,C098,滷味拼盤,1,90,90,外帶
O01104,2026-07-24,C098,滷味拼盤,1,90,90,內用
O01104,2026-07-24,C098,燙青菜,2,45,90,外帶
O01106,2026-07-24,C098,蚵仔麵線,2,65,130,內用
O01106,2026-07-24,C098,燙青菜,1,45,45,外帶
O01107,2026-07-24,C098,炭烤香腸,1,40,40,外送平台
O01107,2026-07-24,C098,滷味拼盤,1,90,90,外送平台
O01464,2026-07-24,C129,麻油麵線,1,85,85,外帶
O01504,2026-07-24,C130,麻油麵線,2,85,170,內用
O00163,2026-07-25,C022,麻油麵線,2,85,170,內用
O00163,2026-07-25,C022,古早味紅茶,1,25,25,外帶
O00350,2026-07-25,C034,蚵仔麵線,1,65,65,內用
O00350,2026-07-25,C034,蚵仔麵線,1,65,65,內用
O00350,2026-07-25,C034,燙青菜,1,45,45,外帶
O01020,2026-07-25,C090,滷味拼盤,2,90,180,外帶
O01020,2026-07-25,C090,蚵仔麵線,1,65,65,外帶
O01110,2026-07-25,C100,蚵仔麵線,2,65,130,內用
O01409,2026-07-25,C125,蚵仔麵線,1,65,65,內用
O01409,2026-07-25,C125,麻油麵線,1,85,85,外送平台
O01450,2026-07-25,C128,炭烤香腸,1,40,40,外帶
O01450,2026-07-25,C128,滷味拼盤,1,90,90,外帶
O01458,2026-07-25,C128,蚵仔麵線,2,65,130,外帶
O01458,2026-07-25,C128,蚵仔麵線,1,65,65,外帶
O01458,2026-07-25,C128,炭烤香腸,1,40,40,外帶
O00158,2026-07-26,C022,麻油麵線,1,85,85,外送平台
O00808,2026-07-26,C073,古早味紅茶,2,25,50,外帶
O00808,2026-07-26,C073,麻油麵線,1,85,85,外帶
O00808,2026-07-26,C073,滷味拼盤,1,90,90,外帶
O01153,2026-07-26,C108,炭烤香腸,1,40,40,外帶
O01153,2026-07-26,C108,炭烤香腸,1,40,40,外帶
O01174,2026-07-26,C109,炭烤香腸,2,40,80,外帶
O01174,2026-07-26,C109,古早味紅茶,1,25,25,外送平台
O00337,2026-07-27,C032,滷味拼盤,1,90,90,內用
O00337,2026-07-27,C032,燙青菜,2,45,90,外帶
O00606,2026-07-27,C059,蚵仔麵線,1,65,65,外帶
O00675,2026-07-27,C065,古早味紅茶,1,25,25,外帶
O00675,2026-07-27,C065,麻油麵線,2,85,170,外帶
O00708,2026-07-27,C066,古早味紅茶,1,25,25,外帶
O00708,2026-07-27,C066,滷味拼盤,1,90,90,外帶
O00812,2026-07-27,C073,麻油麵線,1,85,85,外帶
O01401,2026-07-27,C125,古早味紅茶,1,25,25,外帶
O00071,2026-07-28,C011,麻油麵線,1,85,85,外帶
O00071,2026-07-28,C011,古早味紅茶,1,25,25,外送平台
O00071,2026-07-28,C011,古早味紅茶,1,25,25,內用
O00126,2026-07-28,C016,炭烤香腸,1,40,40,內用
O00128,2026-07-28,C016,燙青菜,1,45,45,外送平台
O00129,2026-07-28,C016,炭烤香腸,2,40,80,外帶
O00130,2026-07-28,C016,滷味拼盤,1,90,90,外送平台
O00130,2026-07-28,C016,古早味紅茶,1,25,25,內用
O00131,2026-07-28,C016,燙青菜,1,45,45,外送平台
O00133,2026-07-28,C016,炭烤香腸,1,40,40,內用
O00135,2026-07-28,C016,滷味拼盤,1,90,90,外帶
O00136,2026-07-28,C017,燙青菜,2,45,90,外帶
O00136,2026-07-28,C017,蚵仔麵線,1,65,65,外帶
O00667,2026-07-28,C065,滷味拼盤,2,90,180,外帶
O00667,2026-07-28,C065,炭烤香腸,1,40,40,內用
O00678,2026-07-28,C065,炭烤香腸,1,40,40,外帶
O00678,2026-07-28,C065,滷味拼盤,2,90,180,外送平台
O00684,2026-07-28,C065,滷味拼盤,1,90,90,外送平台
O00684,2026-07-28,C065,滷味拼盤,1,90,90,內用
O00684,2026-07-28,C065,滷味拼盤,1,90,90,外送平台
O00127,2026-07-29,C016,滷味拼盤,1,90,90,外帶
O00127,2026-07-29,C016,燙青菜,1,45,45,內用
O00132,2026-07-29,C016,燙青菜,1,45,45,內用
O00132,2026-07-29,C016,麻油麵線,1,85,85,內用
O00132,2026-07-29,C016,炭烤香腸,1,40,40,外送平台
O00134,2026-07-29,C016,蚵仔麵線,2,65,130,外送平台
O00640,2026-07-29,C064,滷味拼盤,1,90,90,內用
O00640,2026-07-29,C064,麻油麵線,1,85,85,外送平台
O00690,2026-07-29,C065,古早味紅茶,1,25,25,外送平台
O01383,2026-07-29,C121,炭烤香腸,2,40,80,外送平台
O00338,2026-07-30,C032,滷味拼盤,1,90,90,外送平台
O00338,2026-07-30,C032,燙青菜,2,45,90,外帶
O00605,2026-07-30,C059,滷味拼盤,1,90,90,內用
O00605,2026-07-30,C059,麻油麵線,1,85,85,外帶
O00605,2026-07-30,C059,蚵仔麵線,1,65,65,內用
O00661,2026-07-30,C064,蚵仔麵線,2,65,130,外帶
O00811,2026-07-30,C073,古早味紅茶,1,25,25,外帶
O01539,2026-07-30,C136,蚵仔麵線,2,65,130,內用
O01539,2026-07-30,C136,古早味紅茶,1,25,25,外帶
O00284,2026-07-31,C031,蚵仔麵線,1,65,65,外帶
O00284,2026-07-31,C031,古早味紅茶,2,25,50,外送平台
O01102,2026-07-31,C098,蚵仔麵線,1,65,65,外帶
O01102,2026-07-31,C098,燙青菜,1,45,45,外帶
O01417,2026-07-31,C125,燙青菜,1,45,45,外帶
O01603,2026-07-31,C140,炭烤香腸,1,40,40,內用
O01603,2026-07-31,C140,炭烤香腸,1,40,40,外帶
O01603,2026-07-31,C140,古早味紅茶,1,25,25,內用
O00316,2026-08-01,C032,炭烤香腸,1,40,40,外送平台
O00807,2026-08-01,C073,蚵仔麵線,1,65,65,外帶
O00852,2026-08-01,C078,燙青菜,2,45,90,外帶
O01018,2026-08-01,C090,燙青菜,2,45,90,外帶
O01018,2026-08-01,C090,燙青菜,1,45,45,外帶
O01030,2026-08-01,C090,古早味紅茶,1,25,25,外送平台
O01030,2026-08-01,C090,滷味拼盤,2,90,180,外帶
O01101,2026-08-01,C098,滷味拼盤,2,90,180,外帶
O01101,2026-08-01,C098,滷味拼盤,1,90,90,外送平台
O01101,2026-08-01,C098,蚵仔麵線,1,65,65,內用
O01394,2026-08-01,C123,麻油麵線,1,85,85,外帶
O01463,2026-08-01,C128,蚵仔麵線,1,65,65,外送平台
O01463,2026-08-01,C128,蚵仔麵線,1,65,65,內用
O00305,2026-08-02,C031,燙青菜,1,45,45,內用
O00397,2026-08-02,C039,麻油麵線,1,85,85,外帶
O00397,2026-08-02,C039,古早味紅茶,1,25,25,外帶
O00397,2026-08-02,C039,滷味拼盤,1,90,90,外帶
O00660,2026-08-02,C064,燙青菜,1,45,45,外送平台
O00660,2026-08-02,C064,滷味拼盤,1,90,90,外送平台
O00660,2026-08-02,C064,古早味紅茶,1,25,25,外帶
O00686,2026-08-02,C065,炭烤香腸,1,40,40,外帶
O00686,2026-08-02,C065,滷味拼盤,1,90,90,外帶
O00697,2026-08-02,C066,蚵仔麵線,1,65,65,外帶
O00697,2026-08-02,C066,古早味紅茶,1,25,25,外送平台
O00755,2026-08-02,C068,蚵仔麵線,1,65,65,內用
O00755,2026-08-02,C068,古早味紅茶,1,25,25,外帶
O00755,2026-08-02,C068,炭烤香腸,2,40,80,內用
O00848,2026-08-02,C078,蚵仔麵線,1,65,65,外送平台
O00850,2026-08-02,C078,古早味紅茶,1,25,25,外帶
O00850,2026-08-02,C078,蚵仔麵線,1,65,65,外送平台
O00850,2026-08-02,C078,蚵仔麵線,1,65,65,外送平台
O01053,2026-08-02,C092,麻油麵線,2,85,170,內用
O01053,2026-08-02,C092,古早味紅茶,1,25,25,外帶
O01053,2026-08-02,C092,蚵仔麵線,1,65,65,外送平台
O01149,2026-08-02,C106,炭烤香腸,1,40,40,外帶
O01407,2026-08-02,C125,滷味拼盤,1,90,90,外帶
O00170,2026-08-03,C022,滷味拼盤,1,90,90,外帶
O00244,2026-08-03,C026,燙青菜,1,45,45,外帶
O00246,2026-08-03,C026,麻油麵線,1,85,85,外帶
O00246,2026-08-03,C026,麻油麵線,1,85,85,內用
O00246,2026-08-03,C026,古早味紅茶,2,25,50,內用
O00317,2026-08-03,C032,燙青菜,1,45,45,內用
O00511,2026-08-03,C050,炭烤香腸,2,40,80,內用
O00511,2026-08-03,C050,蚵仔麵線,2,65,130,外帶
O01021,2026-08-03,C090,麻油麵線,1,85,85,內用
O01021,2026-08-03,C090,滷味拼盤,1,90,90,外帶
O01145,2026-08-03,C106,古早味紅茶,1,25,25,外帶
O01146,2026-08-03,C106,蚵仔麵線,2,65,130,外帶
O01147,2026-08-03,C106,古早味紅茶,2,25,50,外帶
O01148,2026-08-03,C106,古早味紅茶,1,25,25,外帶
O01362,2026-08-03,C119,麻油麵線,1,85,85,內用
O01362,2026-08-03,C119,燙青菜,1,45,45,外送平台
O01396,2026-08-03,C124,蚵仔麵線,1,65,65,外帶
O01396,2026-08-03,C124,炭烤香腸,1,40,40,外送平台
O00846,2026-08-04,C078,麻油麵線,1,85,85,內用
O00846,2026-08-04,C078,麻油麵線,2,85,170,外帶
O00846,2026-08-04,C078,古早味紅茶,1,25,25,外送平台
O01108,2026-08-04,C098,古早味紅茶,2,25,50,外帶
O01108,2026-08-04,C098,燙青菜,2,45,90,外帶
O00125,2026-08-05,C015,古早味紅茶,1,25,25,內用
O00467,2026-08-05,C048,炭烤香腸,1,40,40,外帶
O00856,2026-08-05,C078,燙青菜,1,45,45,外帶
O00856,2026-08-05,C078,麻油麵線,2,85,170,外帶
O00980,2026-08-05,C088,古早味紅茶,1,25,25,外送平台
O01488,2026-08-05,C129,蚵仔麵線,2,65,130,內用
O00272,2026-08-06,C029,古早味紅茶,1,25,25,外帶
O00272,2026-08-06,C029,麻油麵線,1,85,85,外送平台
O00272,2026-08-06,C029,燙青菜,1,45,45,外帶
O00615,2026-08-06,C059,麻油麵線,1,85,85,外帶
O01414,2026-08-06,C125,古早味紅茶,1,25,25,外送平台
O01414,2026-08-06,C125,蚵仔麵線,1,65,65,內用
O00325,2026-08-07,C032,燙青菜,2,45,90,外送平台
O00325,2026-08-07,C032,炭烤香腸,1,40,40,外帶
O00803,2026-08-07,C072,古早味紅茶,1,25,25,外帶
O00803,2026-08-07,C072,古早味紅茶,1,25,25,外帶
O00858,2026-08-07,C078,古早味紅茶,1,25,25,外帶
O00858,2026-08-07,C078,麻油麵線,1,85,85,外帶
O00895,2026-08-07,C080,蚵仔麵線,1,65,65,外送平台
O00994,2026-08-07,C089,滷味拼盤,1,90,90,外送平台
O00994,2026-08-07,C089,滷味拼盤,1,90,90,外帶
O01171,2026-08-07,C109,滷味拼盤,1,90,90,內用
O01483,2026-08-07,C129,古早味紅茶,1,25,25,內用
O00051,2026-08-08,C009,麻油麵線,1,85,85,外送平台
O00392,2026-08-08,C036,滷味拼盤,1,90,90,外帶
O00392,2026-08-08,C036,蚵仔麵線,1,65,65,外帶
O00814,2026-08-08,C073,燙青菜,1,45,45,內用
O00814,2026-08-08,C073,麻油麵線,1,85,85,外帶
O00814,2026-08-08,C073,古早味紅茶,1,25,25,內用
O00842,2026-08-08,C078,燙青菜,1,45,45,外帶
O00842,2026-08-08,C078,炭烤香腸,1,40,40,外帶
O00844,2026-08-08,C078,炭烤香腸,1,40,40,外送平台
O00844,2026-08-08,C078,炭烤香腸,1,40,40,外送平台
O01006,2026-08-08,C089,炭烤香腸,1,40,40,外送平台
O01006,2026-08-08,C089,燙青菜,1,45,45,外帶
O01011,2026-08-08,C089,燙青菜,1,45,45,外送平台
O01111,2026-08-08,C101,炭烤香腸,1,40,40,外送平台
O01137,2026-08-08,C104,炭烤香腸,1,40,40,外帶
O01137,2026-08-08,C104,古早味紅茶,1,25,25,外帶
O01169,2026-08-08,C109,麻油麵線,1,85,85,內用
O01169,2026-08-08,C109,炭烤香腸,1,40,40,外送平台
O01415,2026-08-08,C125,滷味拼盤,1,90,90,外帶
O01415,2026-08-08,C125,炭烤香腸,1,40,40,外帶
O01455,2026-08-08,C128,蚵仔麵線,1,65,65,外帶
O00228,2026-08-09,C026,蚵仔麵線,1,65,65,外帶
O00849,2026-08-09,C078,蚵仔麵線,1,65,65,外帶
O00853,2026-08-09,C078,蚵仔麵線,2,65,130,外帶
O01189,2026-08-09,C110,炭烤香腸,1,40,40,內用
O01489,2026-08-09,C129,炭烤香腸,1,40,40,外帶
O01489,2026-08-09,C129,滷味拼盤,1,90,90,外帶
O00309,2026-08-10,C032,燙青菜,1,45,45,外帶
O00336,2026-08-10,C032,燙青菜,1,45,45,外帶
O00336,2026-08-10,C032,燙青菜,1,45,45,內用
O00520,2026-08-10,C051,古早味紅茶,1,25,25,內用
O00810,2026-08-10,C073,滷味拼盤,1,90,90,外帶
O00810,2026-08-10,C073,滷味拼盤,1,90,90,外帶
O00810,2026-08-10,C073,古早味紅茶,1,25,25,內用
O00860,2026-08-10,C078,古早味紅茶,1,25,25,外送平台
O00860,2026-08-10,C078,古早味紅茶,2,25,50,外帶
O01001,2026-08-10,C089,麻油麵線,2,85,170,外帶
O01361,2026-08-10,C119,滷味拼盤,1,90,90,外送平台
O01361,2026-08-10,C119,古早味紅茶,1,25,25,內用
O01419,2026-08-10,C125,燙青菜,1,45,45,內用
O01462,2026-08-10,C128,滷味拼盤,1,90,90,內用
O01462,2026-08-10,C128,炭烤香腸,1,40,40,外帶
O00070,2026-08-11,C011,炭烤香腸,1,40,40,外帶
O00291,2026-08-11,C031,燙青菜,1,45,45,內用
O00291,2026-08-11,C031,滷味拼盤,2,90,180,外帶
O00366,2026-08-11,C034,蚵仔麵線,1,65,65,內用
O00692,2026-08-11,C065,蚵仔麵線,1,65,65,外送平台
O00713,2026-08-11,C066,滷味拼盤,1,90,90,外帶
O00713,2026-08-11,C066,滷味拼盤,1,90,90,外帶
O00750,2026-08-11,C068,滷味拼盤,1,90,90,外帶
O00750,2026-08-11,C068,麻油麵線,1,85,85,外帶
O00750,2026-08-11,C068,滷味拼盤,1,90,90,內用
O01058,2026-08-11,C092,麻油麵線,1,85,85,外帶
O01296,2026-08-11,C116,蚵仔麵線,2,65,130,內用
O01296,2026-08-11,C116,滷味拼盤,1,90,90,外送平台
O01296,2026-08-11,C116,燙青菜,1,45,45,內用
O01320,2026-08-11,C116,麻油麵線,1,85,85,內用
O01320,2026-08-11,C116,古早味紅茶,2,25,50,內用
O01320,2026-08-11,C116,滷味拼盤,2,90,180,外帶
O01326,2026-08-11,C116,麻油麵線,1,85,85,外帶
O01330,2026-08-11,C116,炭烤香腸,1,40,40,外帶
O01330,2026-08-11,C116,古早味紅茶,1,25,25,外送平台
O01527,2026-08-11,C133,蚵仔麵線,1,65,65,外帶
O01527,2026-08-11,C133,滷味拼盤,2,90,180,外帶
O00172,2026-08-12,C022,炭烤香腸,1,40,40,外帶
O00172,2026-08-12,C022,滷味拼盤,1,90,90,外送平台
O00313,2026-08-12,C032,炭烤香腸,2,40,80,外帶
O00843,2026-08-12,C078,燙青菜,1,45,45,外帶
O01029,2026-08-12,C090,古早味紅茶,1,25,25,外帶
O01105,2026-08-12,C098,麻油麵線,2,85,170,外帶
O01300,2026-08-12,C116,滷味拼盤,1,90,90,內用
O01300,2026-08-12,C116,麻油麵線,1,85,85,內用
O01305,2026-08-12,C116,蚵仔麵線,1,65,65,外帶
O01305,2026-08-12,C116,麻油麵線,1,85,85,外帶
O00175,2026-08-13,C022,麻油麵線,2,85,170,內用
O00184,2026-08-13,C022,滷味拼盤,1,90,90,外帶
O00231,2026-08-13,C026,古早味紅茶,2,25,50,外帶
O00304,2026-08-13,C031,炭烤香腸,2,40,80,外送平台
O00304,2026-08-13,C031,麻油麵線,1,85,85,內用
O00742,2026-08-13,C068,麻油麵線,1,85,85,外帶
O00742,2026-08-13,C068,炭烤香腸,2,40,80,外帶
O00845,2026-08-13,C078,滷味拼盤,1,90,90,外帶
O00845,2026-08-13,C078,麻油麵線,1,85,85,外帶
O00845,2026-08-13,C078,古早味紅茶,1,25,25,外帶
O00854,2026-08-13,C078,炭烤香腸,2,40,80,外送平台
O00929,2026-08-13,C083,燙青菜,2,45,90,外帶
O00946,2026-08-13,C083,炭烤香腸,1,40,40,外送平台
O00946,2026-08-13,C083,燙青菜,2,45,90,外帶
O01100,2026-08-13,C098,麻油麵線,2,85,170,外帶
O01100,2026-08-13,C098,炭烤香腸,1,40,40,外送平台
O01297,2026-08-13,C116,古早味紅茶,1,25,25,外帶
O01297,2026-08-13,C116,古早味紅茶,1,25,25,外帶
O01299,2026-08-13,C116,滷味拼盤,1,90,90,外帶
O01321,2026-08-13,C116,蚵仔麵線,2,65,130,外送平台
O01321,2026-08-13,C116,麻油麵線,2,85,170,外送平台
O01520,2026-08-13,C132,滷味拼盤,2,90,180,外送平台
O00078,2026-08-14,C011,滷味拼盤,1,90,90,外帶
O00078,2026-08-14,C011,古早味紅茶,1,25,25,內用
O00078,2026-08-14,C011,炭烤香腸,2,40,80,外帶
O00182,2026-08-14,C022,滷味拼盤,1,90,90,外帶
O00334,2026-08-14,C032,麻油麵線,1,85,85,外送平台
O00334,2026-08-14,C032,炭烤香腸,1,40,40,外帶
O00669,2026-08-14,C065,麻油麵線,1,85,85,外送平台
O00669,2026-08-14,C065,炭烤香腸,1,40,40,內用
O00669,2026-08-14,C065,古早味紅茶,1,25,25,外帶
O00700,2026-08-14,C066,燙青菜,1,45,45,外帶
O00809,2026-08-14,C073,滷味拼盤,2,90,180,外送平台
O00914,2026-08-14,C083,蚵仔麵線,2,65,130,外帶
O00914,2026-08-14,C083,燙青菜,2,45,90,內用
O01027,2026-08-14,C090,蚵仔麵線,1,65,65,外帶
O01027,2026-08-14,C090,蚵仔麵線,1,65,65,外帶
O01056,2026-08-14,C092,炭烤香腸,1,40,40,內用
O01056,2026-08-14,C092,燙青菜,1,45,45,外送平台
O01056,2026-08-14,C092,燙青菜,1,45,45,內用
O01099,2026-08-14,C098,炭烤香腸,1,40,40,外送平台
O01099,2026-08-14,C098,燙青菜,1,45,45,內用
O01302,2026-08-14,C116,滷味拼盤,1,90,90,外送平台
O01315,2026-08-14,C116,炭烤香腸,1,40,40,外帶
O01315,2026-08-14,C116,古早味紅茶,1,25,25,內用
O00157,2026-08-15,C022,滷味拼盤,1,90,90,外帶
O00157,2026-08-15,C022,蚵仔麵線,1,65,65,外送平台
O00166,2026-08-15,C022,麻油麵線,1,85,85,外送平台
O00177,2026-08-15,C022,古早味紅茶,1,25,25,內用
O00177,2026-08-15,C022,炭烤香腸,1,40,40,外帶
O00307,2026-08-15,C032,古早味紅茶,1,25,25,內用
O00307,2026-08-15,C032,炭烤香腸,1,40,40,外帶
O00404,2026-08-15,C043,滷味拼盤,1,90,90,內用
O00404,2026-08-15,C043,古早味紅茶,1,25,25,外送平台
O00404,2026-08-15,C043,麻油麵線,1,85,85,外帶
O01306,2026-08-15,C116,炭烤香腸,1,40,40,內用
O01306,2026-08-15,C116,滷味拼盤,1,90,90,外送平台
O01311,2026-08-15,C116,古早味紅茶,1,25,25,外送平台
O01324,2026-08-15,C116,蚵仔麵線,2,65,130,外帶
O01324,2026-08-15,C116,炭烤香腸,1,40,40,外送平台
O01327,2026-08-15,C116,炭烤香腸,1,40,40,外送平台
O01327,2026-08-15,C116,古早味紅茶,1,25,25,外帶
O00162,2026-08-16,C022,炭烤香腸,2,40,80,內用
O00817,2026-08-16,C075,麻油麵線,1,85,85,外帶
O00817,2026-08-16,C075,燙青菜,2,45,90,外送平台
O01047,2026-08-16,C092,麻油麵線,1,85,85,外帶
O01308,2026-08-16,C116,滷味拼盤,1,90,90,內用
O01316,2026-08-16,C116,蚵仔麵線,2,65,130,外送平台
O01316,2026-08-16,C116,燙青菜,1,45,45,外帶
O01318,2026-08-16,C116,滷味拼盤,2,90,180,外帶
O01493,2026-08-16,C129,炭烤香腸,1,40,40,內用
O01493,2026-08-16,C129,滷味拼盤,2,90,180,外帶
O01493,2026-08-16,C129,炭烤香腸,2,40,80,內用
O00609,2026-08-17,C059,蚵仔麵線,1,65,65,外帶
O00609,2026-08-17,C059,燙青菜,1,45,45,外送平台
O01028,2026-08-17,C090,炭烤香腸,2,40,80,外帶
O01028,2026-08-17,C090,燙青菜,1,45,45,外帶
O01303,2026-08-17,C116,麻油麵線,1,85,85,外送平台
O01303,2026-08-17,C116,炭烤香腸,1,40,40,內用
O01303,2026-08-17,C116,麻油麵線,1,85,85,外送平台
O01307,2026-08-17,C116,炭烤香腸,1,40,40,外帶
O01325,2026-08-17,C116,古早味紅茶,1,25,25,內用
O00333,2026-08-18,C032,滷味拼盤,1,90,90,外帶
O00333,2026-08-18,C032,麻油麵線,1,85,85,外帶
O00333,2026-08-18,C032,燙青菜,1,45,45,內用
O00681,2026-08-18,C065,滷味拼盤,1,90,90,內用
O00685,2026-08-18,C065,炭烤香腸,1,40,40,外送平台
O00685,2026-08-18,C065,古早味紅茶,1,25,25,外帶
O00746,2026-08-18,C068,蚵仔麵線,1,65,65,內用
O00746,2026-08-18,C068,炭烤香腸,2,40,80,外帶
O01019,2026-08-18,C090,滷味拼盤,1,90,90,外送平台
O01019,2026-08-18,C090,滷味拼盤,1,90,90,外送平台
O01301,2026-08-18,C116,麻油麵線,1,85,85,外帶
O01309,2026-08-18,C116,古早味紅茶,2,25,50,外帶
O01312,2026-08-18,C116,滷味拼盤,1,90,90,外送平台
O01312,2026-08-18,C116,炭烤香腸,1,40,40,外帶
O01317,2026-08-18,C116,燙青菜,2,45,90,外帶
O01323,2026-08-18,C116,古早味紅茶,1,25,25,外帶
O01323,2026-08-18,C116,古早味紅茶,1,25,25,外送平台
O01323,2026-08-18,C116,蚵仔麵線,2,65,130,外送平台
O01429,2026-08-18,C127,古早味紅茶,1,25,25,外送平台
O01429,2026-08-18,C127,炭烤香腸,1,40,40,外送平台
O01432,2026-08-18,C127,燙青菜,1,45,45,外帶
O01433,2026-08-18,C127,滷味拼盤,1,90,90,外帶
O01433,2026-08-18,C127,炭烤香腸,1,40,40,內用
O01434,2026-08-18,C127,滷味拼盤,2,90,180,內用
O01434,2026-08-18,C127,燙青菜,1,45,45,外送平台
O01434,2026-08-18,C127,麻油麵線,2,85,170,外送平台
O01435,2026-08-18,C127,蚵仔麵線,1,65,65,外帶
O01435,2026-08-18,C127,燙青菜,1,45,45,外帶
O01437,2026-08-18,C127,麻油麵線,1,85,85,外帶
O01439,2026-08-18,C127,滷味拼盤,2,90,180,外帶
O01439,2026-08-18,C127,燙青菜,1,45,45,外送平台
O01439,2026-08-18,C127,古早味紅茶,1,25,25,外送平台
O01185,2026-08-19,C110,滷味拼盤,1,90,90,內用
O01310,2026-08-19,C116,燙青菜,1,45,45,外帶
O01430,2026-08-19,C127,麻油麵線,1,85,85,外送平台
O01430,2026-08-19,C127,燙青菜,2,45,90,外帶
O01431,2026-08-19,C127,炭烤香腸,2,40,80,外送平台
O01436,2026-08-19,C127,燙青菜,1,45,45,外送平台
O01436,2026-08-19,C127,麻油麵線,1,85,85,內用
O01438,2026-08-19,C127,燙青菜,1,45,45,外帶
O01438,2026-08-19,C127,麻油麵線,1,85,85,內用
O01440,2026-08-19,C127,炭烤香腸,2,40,80,外帶
O01440,2026-08-19,C127,古早味紅茶,2,25,50,外送平台
O01022,2026-08-20,C090,蚵仔麵線,1,65,65,外帶
O01022,2026-08-20,C090,古早味紅茶,1,25,25,內用
O01135,2026-08-20,C104,炭烤香腸,2,40,80,外帶
O01135,2026-08-20,C104,蚵仔麵線,1,65,65,外送平台
O01135,2026-08-20,C104,燙青菜,1,45,45,內用
O01314,2026-08-20,C116,蚵仔麵線,1,65,65,外帶
O01314,2026-08-20,C116,麻油麵線,1,85,85,外帶
O01329,2026-08-20,C116,蚵仔麵線,1,65,65,外帶
O01329,2026-08-20,C116,麻油麵線,1,85,85,外帶
O01329,2026-08-20,C116,滷味拼盤,1,90,90,外送平台
O01553,2026-08-20,C136,燙青菜,1,45,45,外帶
O01553,2026-08-20,C136,蚵仔麵線,1,65,65,內用
O01597,2026-08-20,C140,燙青菜,1,45,45,外帶
O01054,2026-08-21,C092,古早味紅茶,1,25,25,外帶
O01054,2026-08-21,C092,古早味紅茶,1,25,25,外送平台
O01113,2026-08-21,C101,麻油麵線,2,85,170,外送平台
O01113,2026-08-21,C101,滷味拼盤,1,90,90,外帶
O01113,2026-08-21,C101,古早味紅茶,1,25,25,外帶
O01114,2026-08-21,C102,炭烤香腸,2,40,80,外帶
O01313,2026-08-21,C116,燙青菜,2,45,90,外帶
O01313,2026-08-21,C116,古早味紅茶,2,25,50,外帶
O01319,2026-08-21,C116,炭烤香腸,1,40,40,內用
O01298,2026-08-22,C116,蚵仔麵線,2,65,130,外帶
O01304,2026-08-22,C116,麻油麵線,1,85,85,內用
O01322,2026-08-22,C116,滷味拼盤,1,90,90,內用
O01322,2026-08-22,C116,燙青菜,1,45,45,外帶
O01328,2026-08-22,C116,麻油麵線,1,85,85,內用
O00287,2026-08-23,C031,古早味紅茶,1,25,25,外送平台
O00287,2026-08-23,C031,古早味紅茶,1,25,25,外送平台
O01046,2026-08-23,C092,炭烤香腸,1,40,40,外帶
O01112,2026-08-23,C101,燙青菜,1,45,45,內用
O01112,2026-08-23,C101,麻油麵線,1,85,85,內用
O01480,2026-08-23,C129,古早味紅茶,1,25,25,外帶
O01480,2026-08-23,C129,炭烤香腸,1,40,40,外帶
O00296,2026-08-25,C031,炭烤香腸,1,40,40,外帶
O00549,2026-08-25,C054,蚵仔麵線,1,65,65,外帶
O00549,2026-08-25,C054,燙青菜,2,45,90,內用
O01116,2026-08-25,C103,麻油麵線,2,85,170,外帶
O01116,2026-08-25,C103,蚵仔麵線,2,65,130,內用
O00300,2026-08-27,C031,滷味拼盤,1,90,90,外送平台
O01530,2026-08-27,C133,滷味拼盤,1,90,90,內用
O01530,2026-08-27,C133,古早味紅茶,2,25,50,外帶
